Model,Dataset,ECE,ACE,Accuracy
convnext_base_laion400m_s13b_b51k,cars,0.012861954048275948,0.01130636315792799,0.8396149811693572
convnext_base_laion400m_s13b_b51k,cifar100,0.15119819343090057,0.15134665369987488,0.6483
convnext_base_laion400m_s13b_b51k,clevr_closest_object_distance,0.5717487931251526,0.5717487335205078,0.16241755962088528
convnext_base_laion400m_s13b_b51k,clevr_count_all,0.2261258363723755,0.2261258214712143,0.21353861240079475
convnext_base_laion400m_s13b_b51k,country211,0.30076301097869873,0.30073389410972595,0.1700947867298578
convnext_base_laion400m_s13b_b51k,diabetic_retinopathy,0.16227547824382782,0.16224168241024017,0.2940594072997074
convnext_base_laion400m_s13b_b51k,dmlab,0.3823241889476776,0.3821922540664673,0.19188332053332924
convnext_base_laion400m_s13b_b51k,dtd,0.21038003265857697,0.21083901822566986,0.5335106382978724
convnext_base_laion400m_s13b_b51k,eurosat,0.21549184620380402,0.21519117057323456,0.47048018732867547
convnext_base_laion400m_s13b_b51k,fer2013,0.41019779443740845,0.41019198298454285,0.22574551036020005
convnext_base_laion400m_s13b_b51k,flowers,0.07427895069122314,0.07195925712585449,0.6917180750151933
convnext_base_laion400m_s13b_b51k,gtsrb,0.0924651250243187,0.09554477781057358,0.40580099464629293
convnext_base_laion400m_s13b_b51k,kitti_closest_vehicle_distance,0.37517446279525757,0.3753846287727356,0.3029572998807466
convnext_base_laion400m_s13b_b51k,mnist,0.051416296511888504,0.05344490706920624,0.6022611998322059
convnext_base_laion400m_s13b_b51k,pcam,0.2361375391483307,0.23676320910453796,0.6108627167801303
convnext_base_laion400m_s13b_b51k,pets,0.017126712948083878,0.013739611953496933,0.8850273751251726
convnext_base_laion400m_s13b_b51k,renderedsst2,0.19214405119419098,0.19179870188236237,0.5378199004110937
convnext_base_laion400m_s13b_b51k,resisc45,0.0978856086730957,0.0978856086730957,0.6374547204209324
convnext_base_laion400m_s13b_b51k,stl10,0.017797507345676422,0.016900325194001198,0.965625
convnext_base_laion400m_s13b_b51k,sun397,0.12773996591567993,0.12773030996322632,0.663687934869762
convnext_base_laion400m_s13b_b51k,svhn,0.11809477210044861,0.11811887472867966,0.3081080730811042
convnext_base_laion400m_s13b_b51k,voc2007,0.13303127884864807,0.13307663798332214,0.7869016252002915
convnext_large_d_laion2b_s26b_b102k_augreg,cars,0.010243711993098259,0.012082334607839584,0.9316248900120794
convnext_large_d_laion2b_s26b_b102k_augreg,cifar100,0.035093653947114944,0.034359320998191833,0.8323999999999999
convnext_large_d_laion2b_s26b_b102k_augreg,clevr_closest_object_distance,0.3576003313064575,0.35760027170181274,0.1662669679751941
convnext_large_d_laion2b_s26b_b102k_augreg,clevr_count_all,0.05056172236800194,0.050561726093292236,0.3591405499753073
convnext_large_d_laion2b_s26b_b102k_augreg,country211,0.1815163642168045,0.1815546154975891,0.252654028436019
convnext_large_d_laion2b_s26b_b102k_augreg,diabetic_retinopathy,0.16633625328540802,0.16631819307804108,0.24930187683098612
convnext_large_d_laion2b_s26b_b102k_augreg,dmlab,0.42323631048202515,0.4230819046497345,0.1490712148348716
convnext_large_d_laion2b_s26b_b102k_augreg,dtd,0.06304632872343063,0.06272967904806137,0.6771276595744682
convnext_large_d_laion2b_s26b_b102k_augreg,eurosat,0.1137315183877945,0.11182801425457001,0.7157468450405607
convnext_large_d_laion2b_s26b_b102k_augreg,fer2013,0.35223156213760376,0.3521711528301239,0.2882831936074036
convnext_large_d_laion2b_s26b_b102k_augreg,flowers,0.03637499362230301,0.04124433174729347,0.7717400090810035
convnext_large_d_laion2b_s26b_b102k_augreg,gtsrb,0.04177422076463699,0.04259370639920235,0.4837283701955087
convnext_large_d_laion2b_s26b_b102k_augreg,kitti_closest_vehicle_distance,0.5776534676551819,0.5741557478904724,0.27036032971655194
convnext_large_d_laion2b_s26b_b102k_augreg,mnist,0.18510697782039642,0.18502989411354065,0.8154402990672944
convnext_large_d_laion2b_s26b_b102k_augreg,pcam,0.05763612315058708,0.056794892996549606,0.5517993179640419
convnext_large_d_laion2b_s26b_b102k_augreg,pets,0.01604234054684639,0.016498124226927757,0.9292428622708611
convnext_large_d_laion2b_s26b_b102k_augreg,renderedsst2,0.19427528977394104,0.19439318776130676,0.5624131492096578
convnext_large_d_laion2b_s26b_b102k_augreg,resisc45,0.025235630571842194,0.026743413880467415,0.7165015123164507
convnext_large_d_laion2b_s26b_b102k_augreg,stl10,0.0036474165972322226,0.0011764804366976023,0.9828750000000002
convnext_large_d_laion2b_s26b_b102k_augreg,sun397,0.07966490834951401,0.07966577261686325,0.7259858869127664
convnext_large_d_laion2b_s26b_b102k_augreg,svhn,0.049552157521247864,0.048491284251213074,0.6583415907948434
convnext_large_d_laion2b_s26b_b102k_augreg,voc2007,0.08912300318479538,0.08816113322973251,0.8712537189187403
BLIP_retrieval_large_f30k,cars,0.02799368090927601,0.027208859100937843,0.6610639255953757
BLIP_retrieval_large_f30k,cifar100,0.11312535405158997,0.11323975026607513,0.7558
BLIP_retrieval_large_f30k,clevr_closest_object_distance,0.4395182430744171,0.4395183026790619,0.23921877621892942
BLIP_retrieval_large_f30k,clevr_count_all,0.2455085813999176,0.2455085813999176,0.2119001882082075
BLIP_retrieval_large_f30k,country211,0.3046865463256836,0.30455419421195984,0.09834123222748815
BLIP_retrieval_large_f30k,diabetic_retinopathy,0.15310776233673096,0.15304340422153473,0.19959631706692627
BLIP_retrieval_large_f30k,dmlab,0.5644913911819458,0.5643519759178162,0.16368642086756688
BLIP_retrieval_large_f30k,dtd,0.1986406445503235,0.1990068107843399,0.5404255319148936
BLIP_retrieval_large_f30k,eurosat,0.17618630826473236,0.17274212837219238,0.48802412681171836
BLIP_retrieval_large_f30k,fer2013,0.41811737418174744,0.4181702435016632,0.20858122403710372
BLIP_retrieval_large_f30k,flowers,0.10429716110229492,0.1045326441526413,0.587389036432712
BLIP_retrieval_large_f30k,gtsrb,0.05891924351453781,0.058005817234516144,0.3851596835176208
BLIP_retrieval_large_f30k,kitti_closest_vehicle_distance,0.5662887096405029,0.5662897229194641,0.28428018040876324
BLIP_retrieval_large_f30k,mnist,0.14984862506389618,0.14984862506389618,0.5796626350033443
BLIP_retrieval_large_f30k,pcam,0.4329795837402344,0.43302491307258606,0.5126895517922492
BLIP_retrieval_large_f30k,pets,0.07059894502162933,0.06943953782320023,0.7608657910594829
BLIP_retrieval_large_f30k,renderedsst2,0.18235152959823608,0.18177169561386108,0.5408470123328122
BLIP_retrieval_large_f30k,resisc45,0.18757863342761993,0.18746323883533478,0.5725403714008825
BLIP_retrieval_large_f30k,stl10,0.006765996105968952,0.0068280575796961784,0.9816249999999999
BLIP_retrieval_large_f30k,sun397,0.12869146466255188,0.12869572639465332,0.6341928079776674
BLIP_retrieval_large_f30k,svhn,0.12687769532203674,0.12689344584941864,0.3205645386202315
BLIP_retrieval_large_f30k,voc2007,0.1842600405216217,0.18405678868293762,0.8553955310929332
RN101_openai,cars,0.03941469267010689,0.0402865894138813,0.6131821353530285
RN101_openai,cifar100,0.07520647346973419,0.0752720758318901,0.4891
RN101_openai,clevr_closest_object_distance,0.2054833024740219,0.2054833024740219,0.18541672049844926
RN101_openai,clevr_count_all,0.05465228110551834,0.07236698269844055,0.2356388742169057
RN101_openai,country211,0.0488765649497509,0.04886728525161743,0.1696208530805687
RN101_openai,diabetic_retinopathy,0.03508831933140755,0.03585510700941086,0.2607120890497018
RN101_openai,dmlab,0.2094264030456543,0.20934079587459564,0.14161468791141044
RN101_openai,dtd,0.05617723613977432,0.05835747718811035,0.43670212765957445
RN101_openai,eurosat,0.07888570427894592,0.07835610955953598,0.3082299101234077
RN101_openai,fer2013,0.19393853843212128,0.1937691867351532,0.1633472172435557
RN101_openai,flowers,0.03667820245027542,0.03689400851726532,0.6522805563138767
RN101_openai,gtsrb,0.16305077075958252,0.16531972587108612,0.2940270553698258
RN101_openai,kitti_closest_vehicle_distance,0.31537342071533203,0.3138989210128784,0.2902728091146325
RN101_openai,mnist,0.21674717962741852,0.21674714982509613,0.5227323120299314
RN101_openai,pcam,0.012622766196727753,0.020420217886567116,0.5783676815778629
RN101_openai,pets,0.05474179610610008,0.05371922254562378,0.8658615867467284
RN101_openai,renderedsst2,0.03538801148533821,0.04209697246551514,0.6386518586069133
RN101_openai,resisc45,0.07282327860593796,0.07282330095767975,0.5881293988512388
RN101_openai,stl10,0.02859567478299141,0.028490237891674042,0.968
RN101_openai,sun397,0.044181499630212784,0.04425724595785141,0.5931292278962671
RN101_openai,svhn,0.0752420574426651,0.07885453850030899,0.230439375883154
RN101_openai,voc2007,0.09827995300292969,0.09814348071813583,0.7583363987350552
BEIT3_retrieval_base_f30k,cars,0.05343278869986534,0.05343921110033989,0.7864892126876132
BEIT3_retrieval_base_f30k,cifar100,0.01680094003677368,0.016529947519302368,0.6327999999999999
BEIT3_retrieval_base_f30k,clevr_closest_object_distance,0.34016504883766174,0.34016504883766174,0.16736926559579
BEIT3_retrieval_base_f30k,clevr_count_all,0.06810588389635086,0.07325611263513565,0.2585381173969729
BEIT3_retrieval_base_f30k,country211,0.11943713575601578,0.11940984427928925,0.1645971563981043
BEIT3_retrieval_base_f30k,diabetic_retinopathy,0.12968824803829193,0.12961851060390472,0.20762091243958913
BEIT3_retrieval_base_f30k,dmlab,0.22063985466957092,0.22041146457195282,0.15918921834122887
BEIT3_retrieval_base_f30k,dtd,0.0627959817647934,0.06324055790901184,0.6053191489361702
BEIT3_retrieval_base_f30k,eurosat,0.03404054790735245,0.034663066267967224,0.33966812462954304
BEIT3_retrieval_base_f30k,fer2013,0.2749931216239929,0.2749388515949249,0.21116131416630182
BEIT3_retrieval_base_f30k,flowers,0.038036733865737915,0.03171171993017197,0.6271052428211848
BEIT3_retrieval_base_f30k,gtsrb,0.05603024736046791,0.05587082728743553,0.3203587110657384
BEIT3_retrieval_base_f30k,kitti_closest_vehicle_distance,0.33658674359321594,0.33536383509635925,0.4247820352418282
BEIT3_retrieval_base_f30k,mnist,0.09136249125003815,0.09160354733467102,0.6635771697279685
BEIT3_retrieval_base_f30k,pcam,0.27667075395584106,0.2767164409160614,0.49972556340155233
BEIT3_retrieval_base_f30k,pets,0.03899282589554787,0.03745979443192482,0.8825820648354611
BEIT3_retrieval_base_f30k,renderedsst2,0.17506302893161774,0.1746319979429245,0.516769440101905
BEIT3_retrieval_base_f30k,resisc45,0.025132298469543457,0.023338865488767624,0.6105147349585867
BEIT3_retrieval_base_f30k,stl10,0.014547418802976608,0.014039130881428719,0.9661249999999999
BEIT3_retrieval_base_f30k,sun397,0.017158277332782745,0.017187882214784622,0.6907845465869682
BEIT3_retrieval_base_f30k,svhn,0.21063624322414398,0.21063998341560364,0.2378846787126625
BEIT3_retrieval_base_f30k,voc2007,0.07718488574028015,0.07556799054145813,0.856571674212376
ViT-B-32_laion2b_e16,cars,0.007815574295818806,0.008749602362513542,0.8450495734040635
ViT-B-32_laion2b_e16,cifar100,0.060996752232313156,0.05996563285589218,0.7583
ViT-B-32_laion2b_e16,clevr_closest_object_distance,0.21232520043849945,0.21232520043849945,0.16995654910204747
ViT-B-32_laion2b_e16,clevr_count_all,0.3053276836872101,0.3052467107772827,0.1744973189113623
ViT-B-32_laion2b_e16,country211,0.1916232705116272,0.19160188734531403,0.16540284360189575
ViT-B-32_laion2b_e16,diabetic_retinopathy,0.07499637454748154,0.08258286118507385,0.22428778925497336
ViT-B-32_laion2b_e16,dmlab,0.5064509510993958,0.5063141584396362,0.1708375806891003
ViT-B-32_laion2b_e16,dtd,0.10763788223266602,0.10736945271492004,0.5404255319148936
ViT-B-32_laion2b_e16,eurosat,0.10326264053583145,0.09988529980182648,0.49823659267462145
ViT-B-32_laion2b_e16,fer2013,0.3122274577617645,0.3122195601463318,0.2587834627914268
ViT-B-32_laion2b_e16,flowers,0.04898400232195854,0.04853081330657005,0.6815567739403149
ViT-B-32_laion2b_e16,gtsrb,0.1445707231760025,0.14457069337368011,0.34220667189979626
ViT-B-32_laion2b_e16,kitti_closest_vehicle_distance,0.4376121461391449,0.43529829382896423,0.3150342094211521
ViT-B-32_laion2b_e16,mnist,0.186049222946167,0.18589942157268524,0.6287797250476094
ViT-B-32_laion2b_e16,pcam,0.2728205621242523,0.2728080749511719,0.5038217518004248
ViT-B-32_laion2b_e16,pets,0.027801543474197388,0.024488864466547966,0.8917434603965523
ViT-B-32_laion2b_e16,renderedsst2,0.17144045233726501,0.17457792162895203,0.5433765416015286
ViT-B-32_laion2b_e16,resisc45,0.04854902625083923,0.04781066253781319,0.6797737946414427
ViT-B-32_laion2b_e16,stl10,0.014911292120814323,0.013133581727743149,0.9653749999999999
ViT-B-32_laion2b_e16,sun397,0.0881589949131012,0.0881618782877922,0.6759625416398052
ViT-B-32_laion2b_e16,svhn,0.0492519848048687,0.05136067420244217,0.31057075756109304
ViT-B-32_laion2b_e16,voc2007,0.09178264439105988,0.09080363810062408,0.7987174122646702
coca_ViT-B-32_mscoco_finetuned_laion2b_s13b_b90k,cars,0.07996666431427002,0.07995609194040298,0.0055725633341470624
coca_ViT-B-32_mscoco_finetuned_laion2b_s13b_b90k,cifar100,0.09143134951591492,0.09125977009534836,0.017800000000000003
coca_ViT-B-32_mscoco_finetuned_laion2b_s13b_b90k,clevr_closest_object_distance,0.38707685470581055,0.38707688450813293,0.16450249445138107
coca_ViT-B-32_mscoco_finetuned_laion2b_s13b_b90k,clevr_count_all,0.13234001398086548,0.13234001398086548,0.13347285197036188
coca_ViT-B-32_mscoco_finetuned_laion2b_s13b_b90k,country211,0.11345590651035309,0.11334468424320221,0.004691943127962086
coca_ViT-B-32_mscoco_finetuned_laion2b_s13b_b90k,diabetic_retinopathy,0.2807125151157379,0.2806902825832367,0.1985575092925315
coca_ViT-B-32_mscoco_finetuned_laion2b_s13b_b90k,dmlab,0.3533783555030823,0.3532275855541229,0.14467783141764645
coca_ViT-B-32_mscoco_finetuned_laion2b_s13b_b90k,dtd,0.1849341094493866,0.18403808772563934,0.04734042553191489
coca_ViT-B-32_mscoco_finetuned_laion2b_s13b_b90k,eurosat,0.3806123435497284,0.3806123733520508,0.07943547439817175
coca_ViT-B-32_mscoco_finetuned_laion2b_s13b_b90k,fer2013,0.41888245940208435,0.4187646806240082,0.1487018562068783
coca_ViT-B-32_mscoco_finetuned_laion2b_s13b_b90k,flowers,0.11072337627410889,0.11044847220182419,0.012602986290134175
coca_ViT-B-32_mscoco_finetuned_laion2b_s13b_b90k,gtsrb,0.28361621499061584,0.28346219658851624,0.03870632513200764
coca_ViT-B-32_mscoco_finetuned_laion2b_s13b_b90k,kitti_closest_vehicle_distance,0.28112757205963135,0.28131961822509766,0.22285597657059922
coca_ViT-B-32_mscoco_finetuned_laion2b_s13b_b90k,mnist,0.046717219054698944,0.04678633064031601,0.14297101304776866
coca_ViT-B-32_mscoco_finetuned_laion2b_s13b_b90k,pcam,0.24298280477523804,0.24286533892154694,0.5472509611967843
coca_ViT-B-32_mscoco_finetuned_laion2b_s13b_b90k,pets,0.2678474187850952,0.2672414183616638,0.04407867979296551
coca_ViT-B-32_mscoco_finetuned_laion2b_s13b_b90k,renderedsst2,0.3184446096420288,0.31814029812812805,0.5
coca_ViT-B-32_mscoco_finetuned_laion2b_s13b_b90k,resisc45,0.21135206520557404,0.21135208010673523,0.052481123014809665
coca_ViT-B-32_mscoco_finetuned_laion2b_s13b_b90k,stl10,0.17241032421588898,0.16951319575309753,0.291375
coca_ViT-B-32_mscoco_finetuned_laion2b_s13b_b90k,sun397,0.2032548040151596,0.20323890447616577,0.021918369156511207
coca_ViT-B-32_mscoco_finetuned_laion2b_s13b_b90k,svhn,0.5279772281646729,0.5278733372688293,0.1
coca_ViT-B-32_mscoco_finetuned_laion2b_s13b_b90k,voc2007,0.35364267230033875,0.3535340428352356,0.1273648476762707
coca_ViT-L-14_mscoco_finetuned_laion2b_s13b_b90k,cars,0.032704051584005356,0.03317263349890709,0.8858188692246456
coca_ViT-L-14_mscoco_finetuned_laion2b_s13b_b90k,cifar100,0.051946964114904404,0.05200386792421341,0.7974000000000001
coca_ViT-L-14_mscoco_finetuned_laion2b_s13b_b90k,clevr_closest_object_distance,0.13301709294319153,0.13301710784435272,0.23120552774161807
coca_ViT-L-14_mscoco_finetuned_laion2b_s13b_b90k,clevr_count_all,0.028289398178458214,0.029954498633742332,0.43072227017873027
coca_ViT-L-14_mscoco_finetuned_laion2b_s13b_b90k,country211,0.12040850520133972,0.12039089947938919,0.18137440758293838
coca_ViT-L-14_mscoco_finetuned_laion2b_s13b_b90k,diabetic_retinopathy,0.13844971358776093,0.132843479514122,0.21468008099544772
coca_ViT-L-14_mscoco_finetuned_laion2b_s13b_b90k,dmlab,0.41682168841362,0.4166838228702545,0.1644959914368733
coca_ViT-L-14_mscoco_finetuned_laion2b_s13b_b90k,dtd,0.0829419270157814,0.08384682238101959,0.6228723404255319
coca_ViT-L-14_mscoco_finetuned_laion2b_s13b_b90k,eurosat,0.04675763472914696,0.04883193597197533,0.5917477036665952
coca_ViT-L-14_mscoco_finetuned_laion2b_s13b_b90k,fer2013,0.3516862094402313,0.35177674889564514,0.26224939337819836
coca_ViT-L-14_mscoco_finetuned_laion2b_s13b_b90k,flowers,0.05510899797081947,0.05871959030628204,0.7138467619047322
coca_ViT-L-14_mscoco_finetuned_laion2b_s13b_b90k,gtsrb,0.053481537848711014,0.05369260162115097,0.5183025736668304
coca_ViT-L-14_mscoco_finetuned_laion2b_s13b_b90k,kitti_closest_vehicle_distance,0.29553911089897156,0.2913239598274231,0.3876770869513253
coca_ViT-L-14_mscoco_finetuned_laion2b_s13b_b90k,mnist,0.050617605447769165,0.04829426854848862,0.8173212924377132
coca_ViT-L-14_mscoco_finetuned_laion2b_s13b_b90k,pcam,0.18920515477657318,0.18923677504062653,0.44951938661355506
coca_ViT-L-14_mscoco_finetuned_laion2b_s13b_b90k,pets,0.02389303408563137,0.022869719192385674,0.9147756120258642
coca_ViT-L-14_mscoco_finetuned_laion2b_s13b_b90k,renderedsst2,0.1534816026687622,0.15536631643772125,0.6123378785246946
coca_ViT-L-14_mscoco_finetuned_laion2b_s13b_b90k,resisc45,0.06764978170394897,0.0674019530415535,0.6922177690415106
coca_ViT-L-14_mscoco_finetuned_laion2b_s13b_b90k,stl10,0.0033653012942522764,0.0015071233501657844,0.9865
coca_ViT-L-14_mscoco_finetuned_laion2b_s13b_b90k,sun397,0.06964974105358124,0.06965205818414688,0.7183552384585506
coca_ViT-L-14_mscoco_finetuned_laion2b_s13b_b90k,svhn,0.048621054738759995,0.050054315477609634,0.4414921324075258
coca_ViT-L-14_mscoco_finetuned_laion2b_s13b_b90k,voc2007,0.08424070477485657,0.08427367359399796,0.8290546442828866
RN50x64_openai,cars,0.017330152913928032,0.014719847589731216,0.7596530684661601
RN50x64_openai,cifar100,0.07442451268434525,0.07510526478290558,0.6091
RN50x64_openai,clevr_closest_object_distance,0.18822480738162994,0.18822480738162994,0.1658254519120941
RN50x64_openai,clevr_count_all,0.03756796568632126,0.03713848814368248,0.2670455668512745
RN50x64_openai,country211,0.0997295007109642,0.09975242614746094,0.2980568720379147
RN50x64_openai,diabetic_retinopathy,0.2799554169178009,0.2799406349658966,0.20986264084634762
RN50x64_openai,dmlab,0.36245018243789673,0.3622662127017975,0.16431936893349633
RN50x64_openai,dtd,0.08413145691156387,0.07812424004077911,0.5319148936170213
RN50x64_openai,eurosat,0.05364072322845459,0.05322282761335373,0.5898731375155257
RN50x64_openai,fer2013,0.1377188116312027,0.13769130408763885,0.32142126166759427
RN50x64_openai,flowers,0.030020778998732567,0.03538868948817253,0.7543469168846073
RN50x64_openai,gtsrb,0.10564316064119339,0.10683843493461609,0.39075078856095047
RN50x64_openai,kitti_closest_vehicle_distance,0.40058571100234985,0.389504998922348,0.28953654017836505
RN50x64_openai,mnist,0.34712761640548706,0.3471275866031647,0.853482255457369
RN50x64_openai,pcam,0.2424623966217041,0.24247795343399048,0.548893570511732
RN50x64_openai,pets,0.018796229735016823,0.018027449026703835,0.9366848490803908
RN50x64_openai,renderedsst2,0.02260785549879074,0.02988411672413349,0.7110817989693706
RN50x64_openai,resisc45,0.01652650348842144,0.01673087291419506,0.6968258141601669
RN50x64_openai,stl10,0.02093498408794403,0.01903672143816948,0.9828749999999999
RN50x64_openai,sun397,0.03589143604040146,0.03621520474553108,0.6720275517843807
RN50x64_openai,svhn,0.13356980681419373,0.13463452458381653,0.4972001171252793
RN50x64_openai,voc2007,0.031188305467367172,0.03008667565882206,0.8063880739805723
BLIP_retrieval_large_coco,cars,0.06973118335008621,0.06905178725719452,0.6279137434151969
BLIP_retrieval_large_coco,cifar100,0.13852152228355408,0.13865722715854645,0.7608
BLIP_retrieval_large_coco,clevr_closest_object_distance,0.3811835050582886,0.3811742663383484,0.23061592133373807
BLIP_retrieval_large_coco,clevr_count_all,0.2487671673297882,0.2485557645559311,0.24085207618191504
BLIP_retrieval_large_coco,country211,0.3695358633995056,0.3694297671318054,0.09127962085308057
BLIP_retrieval_large_coco,diabetic_retinopathy,0.2922663390636444,0.2921505272388458,0.1974307431231436
BLIP_retrieval_large_coco,dmlab,0.565473735332489,0.5653299689292908,0.1423251789309764
BLIP_retrieval_large_coco,dtd,0.27487912774086,0.27491796016693115,0.5324468085106383
BLIP_retrieval_large_coco,eurosat,0.23289518058300018,0.23289518058300018,0.49591487467965223
BLIP_retrieval_large_coco,fer2013,0.49193769693374634,0.4918462932109833,0.2252635566438144
BLIP_retrieval_large_coco,flowers,0.18628954887390137,0.18667252361774445,0.5692801086931699
BLIP_retrieval_large_coco,gtsrb,0.17450223863124847,0.17450223863124847,0.36421394282794683
BLIP_retrieval_large_coco,kitti_closest_vehicle_distance,0.5471000075340271,0.5448802709579468,0.2898483010349823
BLIP_retrieval_large_coco,mnist,0.07540619373321533,0.07540176808834076,0.5617170448068806
BLIP_retrieval_large_coco,pcam,0.42400413751602173,0.4240078032016754,0.5235793354190418
BLIP_retrieval_large_coco,pets,0.12323447316884995,0.12260131537914276,0.7388368212392306
BLIP_retrieval_large_coco,renderedsst2,0.4679359197616577,0.46818360686302185,0.49835526315789475
BLIP_retrieval_large_coco,resisc45,0.22705237567424774,0.22705231606960297,0.5782619577474072
BLIP_retrieval_large_coco,stl10,0.011791065335273743,0.01136457547545433,0.978875
BLIP_retrieval_large_coco,sun397,0.19144052267074585,0.19144687056541443,0.6253140340658722
BLIP_retrieval_large_coco,svhn,0.3832860589027405,0.3833381235599518,0.2831096256079727
BLIP_retrieval_large_coco,voc2007,0.17239579558372498,0.1723356992006302,0.8658003965392336
ViT-B-16-plus-240_laion400m_e32,cars,0.012444822117686272,0.012895806692540646,0.8456145562406674
ViT-B-16-plus-240_laion400m_e32,cifar100,0.11488468199968338,0.11499819904565811,0.7414000000000001
ViT-B-16-plus-240_laion400m_e32,clevr_closest_object_distance,0.8120110630989075,0.8118867874145508,0.16754859237739503
ViT-B-16-plus-240_laion400m_e32,clevr_count_all,0.35463348031044006,0.3546334505081177,0.1904937962434365
ViT-B-16-plus-240_laion400m_e32,country211,0.30502888560295105,0.30498409271240234,0.18928909952606637
ViT-B-16-plus-240_laion400m_e32,diabetic_retinopathy,0.1871894747018814,0.18717540800571442,0.2131113277566617
ViT-B-16-plus-240_laion400m_e32,dmlab,0.44843029975891113,0.4482870399951935,0.14870336252574154
ViT-B-16-plus-240_laion400m_e32,dtd,0.20357099175453186,0.20320001244544983,0.5579787234042554
ViT-B-16-plus-240_laion400m_e32,eurosat,0.11302650719881058,0.11545130610466003,0.6040443254026682
ViT-B-16-plus-240_laion400m_e32,fer2013,0.5188248157501221,0.5187224745750427,0.18173228835654562
ViT-B-16-plus-240_laion400m_e32,flowers,0.08456426113843918,0.08475526422262192,0.6922259419572686
ViT-B-16-plus-240_laion400m_e32,gtsrb,0.1054392084479332,0.1054873913526535,0.4304821460230965
ViT-B-16-plus-240_laion400m_e32,kitti_closest_vehicle_distance,0.48605966567993164,0.48396745324134827,0.4056236657450829
ViT-B-16-plus-240_laion400m_e32,mnist,0.07706566154956818,0.07750565558671951,0.5816020459797663
ViT-B-16-plus-240_laion400m_e32,pcam,0.1861812025308609,0.18671850860118866,0.5009336305623796
ViT-B-16-plus-240_laion400m_e32,pets,0.012824139557778835,0.011447345837950706,0.9009409992410438
ViT-B-16-plus-240_laion400m_e32,renderedsst2,0.17003554105758667,0.17472423613071442,0.5796385559608592
ViT-B-16-plus-240_laion400m_e32,resisc45,0.107586570084095,0.10703267902135849,0.661043116874024
ViT-B-16-plus-240_laion400m_e32,stl10,0.014941183850169182,0.01493135653436184,0.96975
ViT-B-16-plus-240_laion400m_e32,sun397,0.12235277891159058,0.1223495677113533,0.6829736309862404
ViT-B-16-plus-240_laion400m_e32,svhn,0.142216295003891,0.1422417014837265,0.3466744634677166
ViT-B-16-plus-240_laion400m_e32,voc2007,0.1295587718486786,0.12950286269187927,0.8137197825408938
ViT-g-14_laion2b_s12b_b42k,cars,0.007054736837744713,0.007890057750046253,0.9292348145473953
ViT-g-14_laion2b_s12b_b42k,cifar100,0.05200048163533211,0.05204050987958908,0.84
ViT-g-14_laion2b_s12b_b42k,clevr_closest_object_distance,0.1575516164302826,0.1575515866279602,0.197647617663851
ViT-g-14_laion2b_s12b_b42k,clevr_count_all,0.12520179152488708,0.12545904517173767,0.30292850961482376
ViT-g-14_laion2b_s12b_b42k,country211,0.19632571935653687,0.19638361036777496,0.2880568720379147
ViT-g-14_laion2b_s12b_b42k,diabetic_retinopathy,0.2647673487663269,0.26466450095176697,0.22863655601694371
ViT-g-14_laion2b_s12b_b42k,dmlab,0.2764799892902374,0.27631983160972595,0.1759245426034696
ViT-g-14_laion2b_s12b_b42k,dtd,0.07489524036645889,0.0685221329331398,0.6824468085106383
ViT-g-14_laion2b_s12b_b42k,eurosat,0.0541127473115921,0.0571480430662632,0.6414831972389111
ViT-g-14_laion2b_s12b_b42k,fer2013,0.3941683769226074,0.3940890431404114,0.2648142496882261
ViT-g-14_laion2b_s12b_b42k,flowers,0.03943130373954773,0.04082774743437767,0.7877805880955008
ViT-g-14_laion2b_s12b_b42k,gtsrb,0.08758243918418884,0.08789326250553131,0.46833849526872773
ViT-g-14_laion2b_s12b_b42k,kitti_closest_vehicle_distance,0.46067023277282715,0.4591273367404938,0.21034910720063496
ViT-g-14_laion2b_s12b_b42k,mnist,0.10271291434764862,0.10269245505332947,0.6907449211943761
ViT-g-14_laion2b_s12b_b42k,pcam,0.12060201168060303,0.12061483412981033,0.5470572442032582
ViT-g-14_laion2b_s12b_b42k,pets,0.013199761509895325,0.010977164842188358,0.944240774386726
ViT-g-14_laion2b_s12b_b42k,renderedsst2,0.09052641689777374,0.09037657082080841,0.6421403653523247
ViT-g-14_laion2b_s12b_b42k,resisc45,0.0739838033914566,0.07293082773685455,0.7376357870311638
ViT-g-14_laion2b_s12b_b42k,stl10,0.003255534917116165,0.0022128026466816664,0.9864999999999998
ViT-g-14_laion2b_s12b_b42k,sun397,0.07663438469171524,0.0766368955373764,0.7495016672147762
ViT-g-14_laion2b_s12b_b42k,svhn,0.08158203959465027,0.08153911679983139,0.5408582663125148
ViT-g-14_laion2b_s12b_b42k,voc2007,0.09381694346666336,0.09385380893945694,0.8564875629023849
convnext_base_w_320_laion_aesthetic_s13b_b82k,cars,0.010256416164338589,0.008398099802434444,0.8837875096515123
convnext_base_w_320_laion_aesthetic_s13b_b82k,cifar100,0.1529524177312851,0.1530938446521759,0.5922999999999999
convnext_base_w_320_laion_aesthetic_s13b_b82k,clevr_closest_object_distance,0.4247344732284546,0.424734503030777,0.1581714395536237
convnext_base_w_320_laion_aesthetic_s13b_b82k,clevr_count_all,0.13991878926753998,0.13991878926753998,0.2653670641165537
convnext_base_w_320_laion_aesthetic_s13b_b82k,country211,0.23017360270023346,0.23019403219223022,0.22360189573459716
convnext_base_w_320_laion_aesthetic_s13b_b82k,diabetic_retinopathy,0.04239429906010628,0.04231554642319679,0.2276662293127088
convnext_base_w_320_laion_aesthetic_s13b_b82k,dmlab,0.5159017443656921,0.5157828330993652,0.18077283249797393
convnext_base_w_320_laion_aesthetic_s13b_b82k,dtd,0.10649824142456055,0.1074548065662384,0.5893617021276596
convnext_base_w_320_laion_aesthetic_s13b_b82k,eurosat,0.22654952108860016,0.22654952108860016,0.3778177015224259
convnext_base_w_320_laion_aesthetic_s13b_b82k,fer2013,0.36595746874809265,0.3658561408519745,0.251812101236471
convnext_base_w_320_laion_aesthetic_s13b_b82k,flowers,0.06417480111122131,0.0661899670958519,0.7206218402516231
convnext_base_w_320_laion_aesthetic_s13b_b82k,gtsrb,0.08161863684654236,0.08064082264900208,0.3864433473409713
convnext_base_w_320_laion_aesthetic_s13b_b82k,kitti_closest_vehicle_distance,0.7046021223068237,0.7044200301170349,0.25
convnext_base_w_320_laion_aesthetic_s13b_b82k,mnist,0.0590565949678421,0.05919264256954193,0.6616454622841699
convnext_base_w_320_laion_aesthetic_s13b_b82k,pcam,0.1705058515071869,0.1704966276884079,0.5072846779858664
convnext_base_w_320_laion_aesthetic_s13b_b82k,pets,0.016375591978430748,0.014727341942489147,0.9260898487165634
convnext_base_w_320_laion_aesthetic_s13b_b82k,renderedsst2,0.2156352400779724,0.21541595458984375,0.555530224075039
convnext_base_w_320_laion_aesthetic_s13b_b82k,resisc45,0.06890131533145905,0.06877363473176956,0.6738574891450184
convnext_base_w_320_laion_aesthetic_s13b_b82k,stl10,0.011890331283211708,0.011931924149394035,0.9665000000000001
convnext_base_w_320_laion_aesthetic_s13b_b82k,sun397,0.0859297439455986,0.08592138439416885,0.7134682328026215
convnext_base_w_320_laion_aesthetic_s13b_b82k,svhn,0.035656508058309555,0.03415096551179886,0.2469187913683301
convnext_base_w_320_laion_aesthetic_s13b_b82k,voc2007,0.1260266751050949,0.1260707974433899,0.7532124405820686
ViT-L-14_laion400m_e32,cars,0.016299908980727196,0.01501427497714758,0.8951583205715293
ViT-L-14_laion400m_e32,cifar100,0.11102596670389175,0.11113560944795609,0.7796999999999998
ViT-L-14_laion400m_e32,clevr_closest_object_distance,0.5636065006256104,0.5636065006256104,0.14622707281419647
ViT-L-14_laion400m_e32,clevr_count_all,0.4083966016769409,0.4083966314792633,0.23364086293270858
ViT-L-14_laion400m_e32,country211,0.3417256474494934,0.3417835533618927,0.23023696682464453
ViT-L-14_laion400m_e32,diabetic_retinopathy,0.32661160826683044,0.32657763361930847,0.20329143468819583
ViT-L-14_laion400m_e32,dmlab,0.3944031000137329,0.39430007338523865,0.19492298605700834
ViT-L-14_laion400m_e32,dtd,0.20607882738113403,0.20588655769824982,0.6015957446808511
ViT-L-14_laion400m_e32,eurosat,0.07834133505821228,0.07692752033472061,0.633106930758739
ViT-L-14_laion400m_e32,fer2013,0.4524267911911011,0.4524215757846832,0.25342296949411797
ViT-L-14_laion400m_e32,flowers,0.08326215296983719,0.08391550183296204,0.7242684900635572
ViT-L-14_laion400m_e32,gtsrb,0.12209439277648926,0.12228618562221527,0.44904601926366333
ViT-L-14_laion400m_e32,kitti_closest_vehicle_distance,0.3929241895675659,0.3856702148914337,0.19232194073052294
ViT-L-14_laion400m_e32,mnist,0.07637835294008255,0.07673266530036926,0.7599260578074369
ViT-L-14_laion400m_e32,pcam,0.16925495862960815,0.16922426223754883,0.4969815811220462
ViT-L-14_laion400m_e32,pets,0.012969578616321087,0.009956887923181057,0.9161744474945481
ViT-L-14_laion400m_e32,renderedsst2,0.17520105838775635,0.1747303307056427,0.5603251114585143
ViT-L-14_laion400m_e32,resisc45,0.1361081600189209,0.13603372871875763,0.688311396379373
ViT-L-14_laion400m_e32,stl10,0.010814783163368702,0.009600031189620495,0.9806250000000001
ViT-L-14_laion400m_e32,sun397,0.13636159896850586,0.1363661289215088,0.7100854303817571
ViT-L-14_laion400m_e32,svhn,0.25626328587532043,0.2563100755214691,0.3471151723386966
ViT-L-14_laion400m_e32,voc2007,0.15118832886219025,0.15124645829200745,0.8309763170397731
coca_ViT-L-14_laion2b_s13b_b90k,cars,0.013847105205059052,0.012586009688675404,0.9278152221769592
coca_ViT-L-14_laion2b_s13b_b90k,cifar100,0.04607509821653366,0.0461248978972435,0.8325999999999998
coca_ViT-L-14_laion2b_s13b_b90k,clevr_closest_object_distance,0.17157681286334991,0.17157681286334991,0.20282153738900166
coca_ViT-L-14_laion2b_s13b_b90k,clevr_count_all,0.04341274872422218,0.04191819578409195,0.3774815595421026
coca_ViT-L-14_laion2b_s13b_b90k,country211,0.17753979563713074,0.17758139967918396,0.25459715639810426
coca_ViT-L-14_laion2b_s13b_b90k,diabetic_retinopathy,0.1664470136165619,0.16642658412456512,0.219662578592003
coca_ViT-L-14_laion2b_s13b_b90k,dmlab,0.3613204061985016,0.3611848056316376,0.15241872789798183
coca_ViT-L-14_laion2b_s13b_b90k,dtd,0.07044537365436554,0.07540404051542282,0.627127659574468
coca_ViT-L-14_laion2b_s13b_b90k,eurosat,0.06445037573575974,0.06825828552246094,0.6972547908357691
coca_ViT-L-14_laion2b_s13b_b90k,fer2013,0.32174205780029297,0.3217426538467407,0.27661737615001086
coca_ViT-L-14_laion2b_s13b_b90k,flowers,0.04991655796766281,0.05399462953209877,0.7591551814081049
coca_ViT-L-14_laion2b_s13b_b90k,gtsrb,0.030615314841270447,0.03204025328159332,0.5245514438095328
coca_ViT-L-14_laion2b_s13b_b90k,kitti_closest_vehicle_distance,0.37365269660949707,0.37250423431396484,0.28632716805487507
coca_ViT-L-14_laion2b_s13b_b90k,mnist,0.08351849019527435,0.08325648307800293,0.7585172805219669
coca_ViT-L-14_laion2b_s13b_b90k,pcam,0.13950350880622864,0.13852275907993317,0.5386872716086966
coca_ViT-L-14_laion2b_s13b_b90k,pets,0.015371965244412422,0.012333547696471214,0.9397279164838032
coca_ViT-L-14_laion2b_s13b_b90k,renderedsst2,0.053597938269376755,0.053778305649757385,0.6648699409414626
coca_ViT-L-14_laion2b_s13b_b90k,resisc45,0.0547361858189106,0.05440547689795494,0.7152970781816239
coca_ViT-L-14_laion2b_s13b_b90k,stl10,0.004181474447250366,0.004656481556594372,0.9904999999999999
coca_ViT-L-14_laion2b_s13b_b90k,sun397,0.06670338660478592,0.06670557707548141,0.7323350016309577
coca_ViT-L-14_laion2b_s13b_b90k,svhn,0.0721796303987503,0.07162938266992569,0.5542123722108707
coca_ViT-L-14_laion2b_s13b_b90k,voc2007,0.07697903364896774,0.07613424956798553,0.8430143232722607
ViT-B-16_openai,cars,0.044267687946558,0.04425811022520065,0.6458591637730051
ViT-B-16_openai,cifar100,0.10092868655920029,0.10135270655155182,0.6822000000000001
ViT-B-16_openai,clevr_closest_object_distance,0.32329341769218445,0.3232933580875397,0.16895581450458688
ViT-B-16_openai,clevr_count_all,0.11062882095575333,0.11025594174861908,0.18599693947705828
ViT-B-16_openai,country211,0.03949698805809021,0.0395013689994812,0.22838862559241713
ViT-B-16_openai,diabetic_retinopathy,0.226477712392807,0.22642984986305237,0.20544315966003648
ViT-B-16_openai,dmlab,0.21338313817977905,0.21330460906028748,0.1778611131231325
ViT-B-16_openai,dtd,0.0388144887983799,0.04843953996896744,0.45106382978723397
ViT-B-16_openai,eurosat,0.07942086458206177,0.08210249245166779,0.5458811134270869
ViT-B-16_openai,fer2013,0.07343237102031708,0.07330252230167389,0.25751433937898843
ViT-B-16_openai,flowers,0.04806879162788391,0.048972081393003464,0.6952811731171242
ViT-B-16_openai,gtsrb,0.16926170885562897,0.16998237371444702,0.36407008648768
ViT-B-16_openai,kitti_closest_vehicle_distance,0.26406025886535645,0.25983715057373047,0.38448352737876235
ViT-B-16_openai,mnist,0.3256538510322571,0.32681766152381897,0.521842631739155
ViT-B-16_openai,pcam,0.1251625269651413,0.125128835439682,0.5168001570672083
ViT-B-16_openai,pets,0.04896215721964836,0.04615749046206474,0.8887031082912334
ViT-B-16_openai,renderedsst2,0.013551510870456696,0.03300599381327629,0.6053373429448208
ViT-B-16_openai,resisc45,0.050024665892124176,0.050024669617414474,0.6563549132561297
ViT-B-16_openai,stl10,0.022032734006643295,0.022108452394604683,0.9824999999999999
ViT-B-16_openai,sun397,0.04509226977825165,0.04523873329162598,0.651673140865776
ViT-B-16_openai,svhn,0.08348020166158676,0.09858961403369904,0.31613045780760424
ViT-B-16_openai,voc2007,0.06132454425096512,0.06196967512369156,0.8293135151275237
convnext_base_w_laion2b_s13b_b82k_augreg,cars,0.031112316995859146,0.031915538012981415,0.913929659409554
convnext_base_w_laion2b_s13b_b82k_augreg,cifar100,0.026240047067403793,0.026018841192126274,0.8031999999999999
convnext_base_w_laion2b_s13b_b82k_augreg,clevr_closest_object_distance,0.29359740018844604,0.29359737038612366,0.16335121959251195
convnext_base_w_laion2b_s13b_b82k_augreg,clevr_count_all,0.06079598888754845,0.06079598143696785,0.31915389518744297
convnext_base_w_laion2b_s13b_b82k_augreg,country211,0.17322950065135956,0.17322935163974762,0.20165876777251182
convnext_base_w_laion2b_s13b_b82k_augreg,diabetic_retinopathy,0.29494714736938477,0.29494374990463257,0.2015560134131542
convnext_base_w_laion2b_s13b_b82k_augreg,dmlab,0.33085042238235474,0.3307475447654724,0.16614936572393504
convnext_base_w_laion2b_s13b_b82k_augreg,dtd,0.07724703848361969,0.07657448947429657,0.6154255319148937
convnext_base_w_laion2b_s13b_b82k_augreg,eurosat,0.12994220852851868,0.1345626711845398,0.5271563748246613
convnext_base_w_laion2b_s13b_b82k_augreg,fer2013,0.36451080441474915,0.3643999993801117,0.27810677529206657
convnext_base_w_laion2b_s13b_b82k_augreg,flowers,0.04427379369735718,0.05052347108721733,0.7057141924503392
convnext_base_w_laion2b_s13b_b82k_augreg,gtsrb,0.04793326556682587,0.047084175050258636,0.416470235827162
convnext_base_w_laion2b_s13b_b82k_augreg,kitti_closest_vehicle_distance,0.2758977711200714,0.2722892463207245,0.283216872509776
convnext_base_w_laion2b_s13b_b82k_augreg,mnist,0.22812043130397797,0.22804208099842072,0.6507746044432869
convnext_base_w_laion2b_s13b_b82k_augreg,pcam,0.1708102524280548,0.17082421481609344,0.44077442250380927
convnext_base_w_laion2b_s13b_b82k_augreg,pets,0.034655388444662094,0.03438745439052582,0.9190062299940509
convnext_base_w_laion2b_s13b_b82k_augreg,renderedsst2,0.16961978375911713,0.16911251842975616,0.5923983845752996
convnext_base_w_laion2b_s13b_b82k_augreg,resisc45,0.044986240565776825,0.043786656111478806,0.6595215457656881
convnext_base_w_laion2b_s13b_b82k_augreg,stl10,0.006923935376107693,0.006708947941660881,0.9705
convnext_base_w_laion2b_s13b_b82k_augreg,sun397,0.06598123908042908,0.0659802183508873,0.7107062936231257
convnext_base_w_laion2b_s13b_b82k_augreg,svhn,0.057738982141017914,0.058065835386514664,0.4926392687383
convnext_base_w_laion2b_s13b_b82k_augreg,voc2007,0.07485253363847733,0.07449887692928314,0.852056566591527
convnext_base_w_laion2b_s13b_b82k,cars,0.013146587647497654,0.012819405645132065,0.8951612460089011
convnext_base_w_laion2b_s13b_b82k,cifar100,0.06413116306066513,0.06237887591123581,0.7535000000000001
convnext_base_w_laion2b_s13b_b82k,clevr_closest_object_distance,0.2050621211528778,0.2050621062517166,0.16462151855885412
convnext_base_w_laion2b_s13b_b82k,clevr_count_all,0.10562411695718765,0.10562410950660706,0.2826030384874933
convnext_base_w_laion2b_s13b_b82k,country211,0.19898563623428345,0.19898627698421478,0.2018483412322275
convnext_base_w_laion2b_s13b_b82k,diabetic_retinopathy,0.1401875615119934,0.1395564079284668,0.2121344602853142
convnext_base_w_laion2b_s13b_b82k,dmlab,0.5043115615844727,0.5042157173156738,0.16103405363234022
convnext_base_w_laion2b_s13b_b82k,dtd,0.09083794802427292,0.09256835281848907,0.596808510638298
convnext_base_w_laion2b_s13b_b82k,eurosat,0.03481673449277878,0.031425636261701584,0.5957730223330339
convnext_base_w_laion2b_s13b_b82k,fer2013,0.33677420020103455,0.33672621846199036,0.25551807799313414
convnext_base_w_laion2b_s13b_b82k,flowers,0.06826651841402054,0.06949057430028915,0.6968159140755618
convnext_base_w_laion2b_s13b_b82k,gtsrb,0.05766797438263893,0.05701346695423126,0.4464275235961283
convnext_base_w_laion2b_s13b_b82k,kitti_closest_vehicle_distance,0.48907601833343506,0.49027878046035767,0.27009516873434225
convnext_base_w_laion2b_s13b_b82k,mnist,0.1975959986448288,0.2035176008939743,0.5413046713413046
convnext_base_w_laion2b_s13b_b82k,pcam,0.20885349810123444,0.20911067724227905,0.4202812298900644
convnext_base_w_laion2b_s13b_b82k,pets,0.027184005826711655,0.024733416736125946,0.9194123524900775
convnext_base_w_laion2b_s13b_b82k,renderedsst2,0.10530494153499603,0.10922486335039139,0.6049175641248336
convnext_base_w_laion2b_s13b_b82k,resisc45,0.07360918819904327,0.07198239862918854,0.6603729791158506
convnext_base_w_laion2b_s13b_b82k,stl10,0.003782442770898342,0.0040419697761535645,0.9774999999999998
convnext_base_w_laion2b_s13b_b82k,sun397,0.07364494353532791,0.07361800223588943,0.7074808165764025
convnext_base_w_laion2b_s13b_b82k,svhn,0.07119613140821457,0.07059285789728165,0.4470926886030736
convnext_base_w_laion2b_s13b_b82k,voc2007,0.0820963904261589,0.08166983723640442,0.8192910887269507
coca_ViT-B-32_laion2b_s13b_b90k,cars,0.012108148075640202,0.013327338732779026,0.8437225834655957
coca_ViT-B-32_laion2b_s13b_b90k,cifar100,0.05968773365020752,0.05961793288588524,0.7415
coca_ViT-B-32_laion2b_s13b_b90k,clevr_closest_object_distance,0.35242703557014465,0.35242703557014465,0.16099323778595284
coca_ViT-B-32_laion2b_s13b_b90k,clevr_count_all,0.31559494137763977,0.31559497117996216,0.17039753217074655
coca_ViT-B-32_laion2b_s13b_b90k,country211,0.16817088425159454,0.16811536252498627,0.14440758293838862
coca_ViT-B-32_laion2b_s13b_b90k,diabetic_retinopathy,0.15395250916481018,0.15394049882888794,0.20099564542218365
coca_ViT-B-32_laion2b_s13b_b90k,dmlab,0.3958117663860321,0.39545056223869324,0.16832223058498927
coca_ViT-B-32_laion2b_s13b_b90k,dtd,0.06647542119026184,0.066002257168293,0.5351063829787235
coca_ViT-B-32_laion2b_s13b_b90k,eurosat,0.10809916257858276,0.1087837889790535,0.4598872155856806
coca_ViT-B-32_laion2b_s13b_b90k,fer2013,0.3349127173423767,0.3348185420036316,0.238646532415345
coca_ViT-B-32_laion2b_s13b_b90k,flowers,0.05924900621175766,0.056311171501874924,0.6245835154576785
coca_ViT-B-32_laion2b_s13b_b90k,gtsrb,0.09127724915742874,0.08992214500904083,0.4100486122217669
coca_ViT-B-32_laion2b_s13b_b90k,kitti_closest_vehicle_distance,0.30592358112335205,0.3043738603591919,0.30681816437228193
coca_ViT-B-32_laion2b_s13b_b90k,mnist,0.10330654680728912,0.1035376563668251,0.7191450207231023
coca_ViT-B-32_laion2b_s13b_b90k,pcam,0.10743027925491333,0.10752084851264954,0.5786950862260879
coca_ViT-B-32_laion2b_s13b_b90k,pets,0.041064027696847916,0.03985605388879776,0.8901267709204033
coca_ViT-B-32_laion2b_s13b_b90k,renderedsst2,0.12260641157627106,0.12435102462768555,0.5789600341613108
coca_ViT-B-32_laion2b_s13b_b90k,resisc45,0.06105158105492592,0.06105159968137741,0.6178836197784119
coca_ViT-B-32_laion2b_s13b_b90k,stl10,0.0075490111485123634,0.0067660012282431126,0.9635000000000001
coca_ViT-B-32_laion2b_s13b_b90k,sun397,0.05442054942250252,0.054422225803136826,0.661234957148412
coca_ViT-B-32_laion2b_s13b_b90k,svhn,0.046437595039606094,0.04935669153928757,0.3943032755099716
coca_ViT-B-32_laion2b_s13b_b90k,voc2007,0.08792425692081451,0.08792068064212799,0.7941395508057306
BLIP_retrieval_base_coco,cars,0.07516704499721527,0.07519221305847168,0.5500559351179016
BLIP_retrieval_base_coco,cifar100,0.18795478343963623,0.18813548982143402,0.6165999999999999
BLIP_retrieval_base_coco,clevr_closest_object_distance,0.5719950795173645,0.5719950199127197,0.16461877155214275
BLIP_retrieval_base_coco,clevr_count_all,0.26294293999671936,0.26294293999671936,0.2288563300152473
BLIP_retrieval_base_coco,country211,0.3371732234954834,0.3369629681110382,0.06454976303317536
BLIP_retrieval_base_coco,diabetic_retinopathy,0.5013790726661682,0.5013329386711121,0.18982727646189596
BLIP_retrieval_base_coco,dmlab,0.5138320922851562,0.5137603878974915,0.18530077613966214
BLIP_retrieval_base_coco,dtd,0.2784731984138489,0.27874478697776794,0.46755319148936164
BLIP_retrieval_base_coco,eurosat,0.17112459242343903,0.1701568067073822,0.5008202913234653
BLIP_retrieval_base_coco,fer2013,0.4961894452571869,0.49623337388038635,0.19770628585089065
BLIP_retrieval_base_coco,flowers,0.14787183701992035,0.1473594754934311,0.3726994565809014
BLIP_retrieval_base_coco,gtsrb,0.15142206847667694,0.15742474794387817,0.35279457934867436
BLIP_retrieval_base_coco,kitti_closest_vehicle_distance,0.5374823808670044,0.5337487459182739,0.26474926985344904
BLIP_retrieval_base_coco,mnist,0.038429953157901764,0.03776955604553223,0.5230955509626065
BLIP_retrieval_base_coco,pcam,0.48480769991874695,0.4848451018333435,0.5005795863583674
BLIP_retrieval_base_coco,pets,0.15283119678497314,0.1531984657049179,0.6494335579473174
BLIP_retrieval_base_coco,renderedsst2,0.24950680136680603,0.2488693743944168,0.5056054947600023
BLIP_retrieval_base_coco,resisc45,0.25650113821029663,0.2565011978149414,0.4799532304322669
BLIP_retrieval_base_coco,stl10,0.027374567463994026,0.0269565861672163,0.9475
BLIP_retrieval_base_coco,sun397,0.18635274469852448,0.18635869026184082,0.5446719735554457
BLIP_retrieval_base_coco,svhn,0.17236971855163574,0.172395259141922,0.24666755743965202
BLIP_retrieval_base_coco,voc2007,0.12871114909648895,0.1287587285041809,0.8294900302040806
convnext_large_d_320_laion2b_s29b_b131k_ft,cars,0.010255714878439903,0.010161110199987888,0.9340276471754512
convnext_large_d_320_laion2b_s29b_b131k_ft,cifar100,0.04222039878368378,0.041971977800130844,0.8331999999999999
convnext_large_d_320_laion2b_s29b_b131k_ft,clevr_closest_object_distance,0.2825278639793396,0.282527893781662,0.16879153707085134
convnext_large_d_320_laion2b_s29b_b131k_ft,clevr_count_all,0.04111914709210396,0.050942614674568176,0.3416514554775663
convnext_large_d_320_laion2b_s29b_b131k_ft,country211,0.17800401151180267,0.17804639041423798,0.2672985781990522
convnext_large_d_320_laion2b_s29b_b131k_ft,diabetic_retinopathy,0.33704450726509094,0.33695027232170105,0.29245815944863535
convnext_large_d_320_laion2b_s29b_b131k_ft,dmlab,0.40009599924087524,0.3999500870704651,0.16015902600507648
convnext_large_d_320_laion2b_s29b_b131k_ft,dtd,0.06859950721263885,0.06826268881559372,0.6835106382978722
convnext_large_d_320_laion2b_s29b_b131k_ft,eurosat,0.07078109681606293,0.0725650042295456,0.7105029657492035
convnext_large_d_320_laion2b_s29b_b131k_ft,fer2013,0.3526687026023865,0.3526397943496704,0.2946493447776512
convnext_large_d_320_laion2b_s29b_b131k_ft,flowers,0.03918909281492233,0.03974590450525284,0.7759568789859455
convnext_large_d_320_laion2b_s29b_b131k_ft,gtsrb,0.023482900112867355,0.02330714650452137,0.5226761139283889
convnext_large_d_320_laion2b_s29b_b131k_ft,kitti_closest_vehicle_distance,0.6417471170425415,0.6387092471122742,0.2637056414922657
convnext_large_d_320_laion2b_s29b_b131k_ft,mnist,0.18741661310195923,0.18732613325119019,0.781544420678901
convnext_large_d_320_laion2b_s29b_b131k_ft,pcam,0.12466441094875336,0.12344608455896378,0.5052297758171671
convnext_large_d_320_laion2b_s29b_b131k_ft,pets,0.01637904904782772,0.01673370972275734,0.9344193966079256
convnext_large_d_320_laion2b_s29b_b131k_ft,renderedsst2,0.1882512867450714,0.18840424716472626,0.5634752619998842
convnext_large_d_320_laion2b_s29b_b131k_ft,resisc45,0.024593522772192955,0.025159746408462524,0.7356705377686381
convnext_large_d_320_laion2b_s29b_b131k_ft,stl10,0.003471465315669775,0.0023827513214200735,0.985375
convnext_large_d_320_laion2b_s29b_b131k_ft,sun397,0.07706867903470993,0.07707120478153229,0.7319288241296537
convnext_large_d_320_laion2b_s29b_b131k_ft,svhn,0.05978759750723839,0.06139045208692551,0.6447704554449355
convnext_large_d_320_laion2b_s29b_b131k_ft,voc2007,0.08637900650501251,0.08581814914941788,0.8680175461214675
convnext_large_d_320_laion2b_s29b_b131k_ft_soup,cars,0.010000832378864288,0.009550920687615871,0.9368037342199903
convnext_large_d_320_laion2b_s29b_b131k_ft_soup,cifar100,0.04645998775959015,0.046263158321380615,0.8324000000000003
convnext_large_d_320_laion2b_s29b_b131k_ft_soup,clevr_closest_object_distance,0.25457581877708435,0.2545323073863983,0.16871326804039943
convnext_large_d_320_laion2b_s29b_b131k_ft_soup,clevr_count_all,0.076734758913517,0.0767347663640976,0.4052197565010325
convnext_large_d_320_laion2b_s29b_b131k_ft_soup,country211,0.18262463808059692,0.18267326056957245,0.265260663507109
convnext_large_d_320_laion2b_s29b_b131k_ft_soup,diabetic_retinopathy,0.2853308320045471,0.28529760241508484,0.27227476019509955
convnext_large_d_320_laion2b_s29b_b131k_ft_soup,dmlab,0.4032551944255829,0.4031178057193756,0.16179320929082877
convnext_large_d_320_laion2b_s29b_b131k_ft_soup,dtd,0.06427470594644547,0.06439579278230667,0.6851063829787233
convnext_large_d_320_laion2b_s29b_b131k_ft_soup,eurosat,0.09004409611225128,0.0892031341791153,0.7266394873775669
convnext_large_d_320_laion2b_s29b_b131k_ft_soup,fer2013,0.3413315713405609,0.34129950404167175,0.29658665613047674
convnext_large_d_320_laion2b_s29b_b131k_ft_soup,flowers,0.035784851759672165,0.040986474603414536,0.783513803374039
convnext_large_d_320_laion2b_s29b_b131k_ft_soup,gtsrb,0.0286415982991457,0.029950153082609177,0.5288397160735382
convnext_large_d_320_laion2b_s29b_b131k_ft_soup,kitti_closest_vehicle_distance,0.6536351442337036,0.6508198380470276,0.2576489990900819
convnext_large_d_320_laion2b_s29b_b131k_ft_soup,mnist,0.18494296073913574,0.18453854322433472,0.7617877992208897
convnext_large_d_320_laion2b_s29b_b131k_ft_soup,pcam,0.11710882186889648,0.11691948026418686,0.5127048292105519
convnext_large_d_320_laion2b_s29b_b131k_ft_soup,pets,0.01744467206299305,0.017879854887723923,0.9357656308458049
convnext_large_d_320_laion2b_s29b_b131k_ft_soup,renderedsst2,0.20310166478157043,0.2033645361661911,0.5585609547796885
convnext_large_d_320_laion2b_s29b_b131k_ft_soup,resisc45,0.031946707516908646,0.027965156361460686,0.747802594660847
convnext_large_d_320_laion2b_s29b_b131k_ft_soup,stl10,0.003066321602091193,0.0022787649650126696,0.985625
convnext_large_d_320_laion2b_s29b_b131k_ft_soup,sun397,0.07533253729343414,0.07532308995723724,0.7366300303194677
convnext_large_d_320_laion2b_s29b_b131k_ft_soup,svhn,0.07011272013187408,0.07102222740650177,0.6428360977472615
convnext_large_d_320_laion2b_s29b_b131k_ft_soup,voc2007,0.0839466005563736,0.08360449224710464,0.8659241243052153
BEIT3_retrieval_large_f30k,cars,0.0741351917386055,0.07393183559179306,0.7612312819124318
BEIT3_retrieval_large_f30k,cifar100,0.010395718738436699,0.009585082530975342,0.7072000000000002
BEIT3_retrieval_large_f30k,clevr_closest_object_distance,0.22565914690494537,0.22549456357955933,0.16187640313757104
BEIT3_retrieval_large_f30k,clevr_count_all,0.18969875574111938,0.18900921940803528,0.18628065642898406
BEIT3_retrieval_large_f30k,country211,0.09625906497240067,0.0962500050663948,0.17260663507109006
BEIT3_retrieval_large_f30k,diabetic_retinopathy,0.03479432687163353,0.03416191786527634,0.23094083532496862
BEIT3_retrieval_large_f30k,dmlab,0.2673233449459076,0.26723626255989075,0.18632573242615894
BEIT3_retrieval_large_f30k,dtd,0.038206469267606735,0.03964058682322502,0.5957446808510639
BEIT3_retrieval_large_f30k,eurosat,0.04166451096534729,0.03979775682091713,0.516277638407501
BEIT3_retrieval_large_f30k,fer2013,0.3157247304916382,0.3158218562602997,0.24034392115762798
BEIT3_retrieval_large_f30k,flowers,0.052829477936029434,0.05328228324651718,0.6595754335445819
BEIT3_retrieval_large_f30k,gtsrb,0.04239322990179062,0.04704754427075386,0.36495853153512403
BEIT3_retrieval_large_f30k,kitti_closest_vehicle_distance,0.20464032888412476,0.19913019239902496,0.4445600800998665
BEIT3_retrieval_large_f30k,mnist,0.047675274312496185,0.047458067536354065,0.6101351241368873
BEIT3_retrieval_large_f30k,pcam,0.10318309813737869,0.10296737402677536,0.5317882208437578
BEIT3_retrieval_large_f30k,pets,0.038590285927057266,0.0342179499566555,0.8923304354008795
BEIT3_retrieval_large_f30k,renderedsst2,0.0486188568174839,0.05663874372839928,0.5758080742284755
BEIT3_retrieval_large_f30k,resisc45,0.023858007043600082,0.026301134377717972,0.6812082554628346
BEIT3_retrieval_large_f30k,stl10,0.014226505532860756,0.01409445982426405,0.98375
BEIT3_retrieval_large_f30k,sun397,0.016261963173747063,0.016211332753300667,0.7088732192526949
BEIT3_retrieval_large_f30k,svhn,0.06705275923013687,0.06612902879714966,0.28285970578218034
BEIT3_retrieval_large_f30k,voc2007,0.08758707344532013,0.08747467398643494,0.877118015696802
ViT-g-14_laion2b_s34b_b88k,cars,0.013837017118930817,0.010362772271037102,0.9392982700853708
ViT-g-14_laion2b_s34b_b88k,cifar100,0.06245170161128044,0.0625184029340744,0.8513000000000001
ViT-g-14_laion2b_s34b_b88k,clevr_closest_object_distance,0.3268607556819916,0.3268607556819916,0.19474591231211835
ViT-g-14_laion2b_s34b_b88k,clevr_count_all,0.13015025854110718,0.130239337682724,0.3163975146775386
ViT-g-14_laion2b_s34b_b88k,country211,0.24432115256786346,0.2444077879190445,0.3090047393364929
ViT-g-14_laion2b_s34b_b88k,diabetic_retinopathy,0.0334511436522007,0.04476134106516838,0.2476827524103375
ViT-g-14_laion2b_s34b_b88k,dmlab,0.4902309775352478,0.49009567499160767,0.1604420104624612
ViT-g-14_laion2b_s34b_b88k,dtd,0.11802464723587036,0.11562418937683105,0.6872340425531914
ViT-g-14_laion2b_s34b_b88k,eurosat,0.11416501551866531,0.11292000859975815,0.6664044971338864
ViT-g-14_laion2b_s34b_b88k,fer2013,0.43421077728271484,0.43424898386001587,0.2887024463674849
ViT-g-14_laion2b_s34b_b88k,flowers,0.05302745848894119,0.055500634014606476,0.8008046205042448
ViT-g-14_laion2b_s34b_b88k,gtsrb,0.1277347356081009,0.12584085762500763,0.4968815071196263
ViT-g-14_laion2b_s34b_b88k,kitti_closest_vehicle_distance,0.5716975331306458,0.5719244480133057,0.46700193209026286
ViT-g-14_laion2b_s34b_b88k,mnist,0.058646026998758316,0.058937545865774155,0.7323293181813939
ViT-g-14_laion2b_s34b_b88k,pcam,0.21303465962409973,0.21306972205638885,0.5264025788520513
ViT-g-14_laion2b_s34b_b88k,pets,0.009098119102418423,0.0057157594710588455,0.9392489052440072
ViT-g-14_laion2b_s34b_b88k,renderedsst2,0.2626953125,0.2630345821380615,0.5678684644780267
ViT-g-14_laion2b_s34b_b88k,resisc45,0.07115287333726883,0.07095718383789062,0.7597004739990341
ViT-g-14_laion2b_s34b_b88k,stl10,0.0036433269269764423,0.0027978341095149517,0.9893750000000001
ViT-g-14_laion2b_s34b_b88k,sun397,0.11261697113513947,0.11261097341775894,0.7393177415390908
ViT-g-14_laion2b_s34b_b88k,svhn,0.06452237814664841,0.06453726440668106,0.5749741961492353
ViT-g-14_laion2b_s34b_b88k,voc2007,0.11162671446800232,0.11166783422231674,0.836231698316762
RN50x4_openai,cars,0.041732873767614365,0.041737642139196396,0.6705060306030344
RN50x4_openai,cifar100,0.09819867461919785,0.09828583151102066,0.4984
RN50x4_openai,clevr_closest_object_distance,0.4409771263599396,0.44097718596458435,0.17143945110585146
RN50x4_openai,clevr_count_all,0.03743993490934372,0.050022024661302567,0.2082133961305281
RN50x4_openai,country211,0.05673965811729431,0.056739069521427155,0.2036018957345972
RN50x4_openai,diabetic_retinopathy,0.04220035299658775,0.04839847609400749,0.20349040272296498
RN50x4_openai,dmlab,0.2197398841381073,0.21963195502758026,0.16483638006072848
RN50x4_openai,dtd,0.03367164358496666,0.034278035163879395,0.4845744680851065
RN50x4_openai,eurosat,0.12604238092899323,0.1283608078956604,0.32496720354742104
RN50x4_openai,fer2013,0.15770408511161804,0.1575452834367752,0.21940198289288357
RN50x4_openai,flowers,0.027534378692507744,0.030402008444070816,0.6682013326705958
RN50x4_openai,gtsrb,0.10544954985380173,0.10762915015220642,0.30775656863826734
RN50x4_openai,kitti_closest_vehicle_distance,0.5515027046203613,0.5450717806816101,0.3018867924528302
RN50x4_openai,mnist,0.2281666249036789,0.22926360368728638,0.4895917485872177
RN50x4_openai,pcam,0.02765975147485733,0.027611371129751205,0.5666590212519915
RN50x4_openai,pets,0.04074622690677643,0.03656092658638954,0.8854940880549425
RN50x4_openai,renderedsst2,0.035338710993528366,0.03801089897751808,0.6716443025881536
RN50x4_openai,resisc45,0.06362313777208328,0.06344141811132431,0.5948392410853345
RN50x4_openai,stl10,0.032367732375860214,0.032387085258960724,0.9658749999999999
RN50x4_openai,sun397,0.04228753596544266,0.04321129992604256,0.6243064107909283
RN50x4_openai,svhn,0.14904050529003143,0.14912782609462738,0.36177137628139416
RN50x4_openai,voc2007,0.10814449936151505,0.10783381760120392,0.7471625551727332
convnext_base_w_laion_aesthetic_s13b_b82k,cars,0.010322386398911476,0.008488199673593044,0.8676817233234138
convnext_base_w_laion_aesthetic_s13b_b82k,cifar100,0.13506697118282318,0.13522735238075256,0.6134000000000001
convnext_base_w_laion_aesthetic_s13b_b82k,clevr_closest_object_distance,0.28271231055259705,0.2825898230075836,0.16979497900619303
convnext_base_w_laion_aesthetic_s13b_b82k,clevr_count_all,0.16280952095985413,0.16280953586101532,0.29677111826996205
convnext_base_w_laion_aesthetic_s13b_b82k,country211,0.21795904636383057,0.2179875373840332,0.22279620853080567
convnext_base_w_laion_aesthetic_s13b_b82k,diabetic_retinopathy,0.06266463547945023,0.06256334483623505,0.24229612073780213
convnext_base_w_laion_aesthetic_s13b_b82k,dmlab,0.31108561158180237,0.3109288811683655,0.1630671509855588
convnext_base_w_laion_aesthetic_s13b_b82k,dtd,0.10575176030397415,0.10185154527425766,0.6212765957446809
convnext_base_w_laion_aesthetic_s13b_b82k,eurosat,0.07947029918432236,0.07947028428316116,0.5023331980818024
convnext_base_w_laion_aesthetic_s13b_b82k,fer2013,0.3749704658985138,0.3748587667942047,0.2737327083689403
convnext_base_w_laion_aesthetic_s13b_b82k,flowers,0.0494837649166584,0.052597127854824066,0.7128283269606448
convnext_base_w_laion_aesthetic_s13b_b82k,gtsrb,0.10335060954093933,0.10361375659704208,0.3582715236678836
convnext_base_w_laion_aesthetic_s13b_b82k,kitti_closest_vehicle_distance,0.25475260615348816,0.2507384419441223,0.34891687430914237
convnext_base_w_laion_aesthetic_s13b_b82k,mnist,0.07310456037521362,0.07300745695829391,0.662356851053838
convnext_base_w_laion_aesthetic_s13b_b82k,pcam,0.02995968796312809,0.029955079779028893,0.546882056807059
convnext_base_w_laion_aesthetic_s13b_b82k,pets,0.017849810421466827,0.01608579233288765,0.9188250662005027
convnext_base_w_laion_aesthetic_s13b_b82k,renderedsst2,0.16657458245754242,0.170645609498024,0.5570573504718893
convnext_base_w_laion_aesthetic_s13b_b82k,resisc45,0.0787571370601654,0.07795237749814987,0.6510685049617362
convnext_base_w_laion_aesthetic_s13b_b82k,stl10,0.009507883340120316,0.007616035174578428,0.9709999999999999
convnext_base_w_laion_aesthetic_s13b_b82k,sun397,0.08353264629840851,0.0834629014134407,0.7121306162063404
convnext_base_w_laion_aesthetic_s13b_b82k,svhn,0.11733818054199219,0.11734342575073242,0.21443387835522051
convnext_base_w_laion_aesthetic_s13b_b82k,voc2007,0.12294884026050568,0.12252042442560196,0.7495135467666094
BEIT3_retrieval_base_coco,cars,0.058188360184431076,0.05817297846078873,0.7163277749796536
BEIT3_retrieval_base_coco,cifar100,0.027619944885373116,0.027124440297484398,0.6512
BEIT3_retrieval_base_coco,clevr_closest_object_distance,0.2635793685913086,0.26357942819595337,0.1772955045984355
BEIT3_retrieval_base_coco,clevr_count_all,0.07989884167909622,0.07827562838792801,0.2991890139982893
BEIT3_retrieval_base_coco,country211,0.14558686316013336,0.1455400437116623,0.12985781990521328
BEIT3_retrieval_base_coco,diabetic_retinopathy,0.3743100166320801,0.374288409948349,0.21650014611493776
BEIT3_retrieval_base_coco,dmlab,0.3175044059753418,0.3173612356185913,0.19583783667489194
BEIT3_retrieval_base_coco,dtd,0.0395817868411541,0.03802900016307831,0.5702127659574469
BEIT3_retrieval_base_coco,eurosat,0.07514802366495132,0.07627256959676743,0.4053540599281161
BEIT3_retrieval_base_coco,fer2013,0.19076986610889435,0.1907471865415573,0.22689693664088634
BEIT3_retrieval_base_coco,flowers,0.03276457637548447,0.03404120355844498,0.5368910249289071
BEIT3_retrieval_base_coco,gtsrb,0.1269640028476715,0.12578535079956055,0.32424135299034185
BEIT3_retrieval_base_coco,kitti_closest_vehicle_distance,0.1407914161682129,0.1523793339729309,0.3895829233859519
BEIT3_retrieval_base_coco,mnist,0.022415075451135635,0.022641496732831,0.6556955275828018
BEIT3_retrieval_base_coco,pcam,0.25232258439064026,0.2523649334907532,0.5014673995670027
BEIT3_retrieval_base_coco,pets,0.03329400345683098,0.033372361212968826,0.8600254316833555
BEIT3_retrieval_base_coco,renderedsst2,0.20862281322479248,0.20800215005874634,0.510445616930114
BEIT3_retrieval_base_coco,resisc45,0.09045382589101791,0.08994380384683609,0.55884013547471
BEIT3_retrieval_base_coco,stl10,0.016771521419286728,0.015740998089313507,0.9623750000000001
BEIT3_retrieval_base_coco,sun397,0.022540142759680748,0.022349761798977852,0.6660872137362096
BEIT3_retrieval_base_coco,svhn,0.0989912748336792,0.09900341182947159,0.3039580557141285
BEIT3_retrieval_base_coco,voc2007,0.02103985846042633,0.019600145518779755,0.863420400773846
RN50_openai,cars,0.04764137789607048,0.047608133405447006,0.5450194073504455
RN50_openai,cifar100,0.09919080883264542,0.0988990068435669,0.41950000000000004
RN50_openai,clevr_closest_object_distance,0.026194730773568153,0.024344714358448982,0.24678521519080876
RN50_openai,clevr_count_all,0.06705410778522491,0.06705411523580551,0.18787817410643992
RN50_openai,country211,0.039505958557128906,0.0394175760447979,0.15412322274881518
RN50_openai,diabetic_retinopathy,0.10025060176849365,0.09934159368276596,0.1722800275583036
RN50_openai,dmlab,0.15645956993103027,0.15638944506645203,0.1716832502297645
RN50_openai,dtd,0.034725286066532135,0.03930334374308586,0.4122340425531914
RN50_openai,eurosat,0.0538826659321785,0.05644723027944565,0.40857640718012284
RN50_openai,fer2013,0.09432664513587952,0.094120554625988,0.2202380572190182
RN50_openai,flowers,0.05409514158964157,0.05524946749210358,0.651710682047652
RN50_openai,gtsrb,0.11852819472551346,0.11852822452783585,0.25725202712690076
RN50_openai,kitti_closest_vehicle_distance,0.3735206425189972,0.3694562315940857,0.227215203638748
RN50_openai,mnist,0.30208733677864075,0.3020874261856079,0.5699377597660955
RN50_openai,pcam,0.0244922898709774,0.024731608107686043,0.602094313139548
RN50_openai,pets,0.07021486014127731,0.07024870067834854,0.8554261656835668
RN50_openai,renderedsst2,0.06241853907704353,0.06374387443065643,0.5652737971165538
RN50_openai,resisc45,0.09386517107486725,0.09386517107486725,0.5374126201991651
RN50_openai,stl10,0.028190817683935165,0.02765955589711666,0.9418749999999999
RN50_openai,sun397,0.06751416623592377,0.06751653552055359,0.5960668623273133
RN50_openai,svhn,0.11578818410634995,0.11571037024259567,0.23822174285002795
RN50_openai,voc2007,0.08863561600446701,0.08790107816457748,0.7265236626663761
ViT-B-32_laion400m_e31,cars,0.030088765546679497,0.029474355280399323,0.7467207841458683
ViT-B-32_laion400m_e31,cifar100,0.07283206284046173,0.07219788432121277,0.6832
ViT-B-32_laion400m_e31,clevr_closest_object_distance,0.7218654155731201,0.7218647599220276,0.17044656514560197
ViT-B-32_laion400m_e31,clevr_count_all,0.3417482078075409,0.34171923995018005,0.15355244674061286
ViT-B-32_laion400m_e31,country211,0.2273109406232834,0.22725486755371094,0.13554502369668248
ViT-B-32_laion400m_e31,diabetic_retinopathy,0.09621064364910126,0.10498232394456863,0.2492181426740518
ViT-B-32_laion400m_e31,dmlab,0.3684157431125641,0.3682534098625183,0.1689551117851247
ViT-B-32_laion400m_e31,dtd,0.10493409633636475,0.10489688068628311,0.5218085106382978
ViT-B-32_laion400m_e31,eurosat,0.05589767545461655,0.05202345922589302,0.4961544190870913
ViT-B-32_laion400m_e31,fer2013,0.2977985739707947,0.29756417870521545,0.20099496335496575
ViT-B-32_laion400m_e31,flowers,0.03939475119113922,0.04189669340848923,0.6287378560841114
ViT-B-32_laion400m_e31,gtsrb,0.13016963005065918,0.1304822713136673,0.35653588583644197
ViT-B-32_laion400m_e31,kitti_closest_vehicle_distance,0.5058684945106506,0.5037529468536377,0.270276863466722
ViT-B-32_laion400m_e31,mnist,0.08049646019935608,0.0943104550242424,0.40617705434650686
ViT-B-32_laion400m_e31,pcam,0.10391508787870407,0.10390470921993256,0.5166705933096225
ViT-B-32_laion400m_e31,pets,0.03398275747895241,0.033209651708602905,0.8530084668806516
ViT-B-32_laion400m_e31,renderedsst2,0.2647855579853058,0.2633187174797058,0.517227216142667
ViT-B-32_laion400m_e31,resisc45,0.0728750228881836,0.0728750228881836,0.5693574619612969
ViT-B-32_laion400m_e31,stl10,0.0211164690554142,0.02074170857667923,0.9492500000000001
ViT-B-32_laion400m_e31,sun397,0.07431574910879135,0.07431785017251968,0.6359701632006913
ViT-B-32_laion400m_e31,svhn,0.08379528671503067,0.08241154253482819,0.20422247256688514
ViT-B-32_laion400m_e31,voc2007,0.1099252998828888,0.10996059328317642,0.7582944800245623
ViT-B-32-quickgelu_laion400m_e32,cars,0.014119649305939674,0.013953173533082008,0.7943058133406301
ViT-B-32-quickgelu_laion400m_e32,cifar100,0.11298616230487823,0.11305258423089981,0.706
ViT-B-32-quickgelu_laion400m_e32,clevr_closest_object_distance,0.799360454082489,0.7993605136871338,0.1668695672223375
ViT-B-32-quickgelu_laion400m_e32,clevr_count_all,0.3509906530380249,0.3509906530380249,0.173780546516658
ViT-B-32-quickgelu_laion400m_e32,country211,0.27928468585014343,0.27924901247024536,0.1475829383886256
ViT-B-32-quickgelu_laion400m_e32,diabetic_retinopathy,0.06603597104549408,0.0660066083073616,0.2506246683241291
ViT-B-32-quickgelu_laion400m_e32,dmlab,0.3657699525356293,0.36562126874923706,0.1575834420585815
ViT-B-32-quickgelu_laion400m_e32,dtd,0.1582229733467102,0.158584862947464,0.5446808510638298
ViT-B-32-quickgelu_laion400m_e32,eurosat,0.11820806562900543,0.11820806562900543,0.5208674753283166
ViT-B-32-quickgelu_laion400m_e32,fer2013,0.3730466663837433,0.3728941082954407,0.19869776604238973
ViT-B-32-quickgelu_laion400m_e32,flowers,0.06337867677211761,0.06713490188121796,0.6656407608642257
ViT-B-32-quickgelu_laion400m_e32,gtsrb,0.13426552712917328,0.13426552712917328,0.3894051578313458
ViT-B-32-quickgelu_laion400m_e32,kitti_closest_vehicle_distance,0.2571662366390228,0.25602462887763977,0.3556710786359416
ViT-B-32-quickgelu_laion400m_e32,mnist,0.15446268022060394,0.15243859589099884,0.36150319854625745
ViT-B-32-quickgelu_laion400m_e32,pcam,0.10353285819292068,0.10469457507133484,0.5303305126212355
ViT-B-32-quickgelu_laion400m_e32,pets,0.00962119735777378,0.008808710612356663,0.8652732964986609
ViT-B-32-quickgelu_laion400m_e32,renderedsst2,0.21607521176338196,0.22029343247413635,0.5231204041456777
ViT-B-32-quickgelu_laion400m_e32,resisc45,0.11984716355800629,0.11940217763185501,0.5753680708375234
ViT-B-32-quickgelu_laion400m_e32,stl10,0.02101753279566765,0.01889762096107006,0.9559999999999998
ViT-B-32-quickgelu_laion400m_e32,sun397,0.1111438125371933,0.11114739626646042,0.6585012455951381
ViT-B-32-quickgelu_laion400m_e32,svhn,0.16839420795440674,0.16840414702892303,0.2312097004332371
ViT-B-32-quickgelu_laion400m_e32,voc2007,0.10965800285339355,0.10906888544559479,0.7867699101072159
ViT-B-32_laion2b_s34b_b79k,cars,0.018028128892183304,0.01583772338926792,0.860777810726156
ViT-B-32_laion2b_s34b_b79k,cifar100,0.06927222013473511,0.06934328377246857,0.7580000000000001
ViT-B-32_laion2b_s34b_b79k,clevr_closest_object_distance,0.3149086534976959,0.31490862369537354,0.15467286905799293
ViT-B-32_laion2b_s34b_b79k,clevr_count_all,0.282726913690567,0.2818220853805542,0.1717024693962682
ViT-B-32_laion2b_s34b_b79k,country211,0.19194236397743225,0.19191837310791016,0.1666350710900474
ViT-B-32_laion2b_s34b_b79k,diabetic_retinopathy,0.37877631187438965,0.3787961006164551,0.19994260966819663
ViT-B-32_laion2b_s34b_b79k,dmlab,0.21529477834701538,0.21519728004932404,0.16768718541315578
ViT-B-32_laion2b_s34b_b79k,dtd,0.08249884843826294,0.08106700330972672,0.5611702127659574
ViT-B-32_laion2b_s34b_b79k,eurosat,0.07599858939647675,0.0739188939332962,0.49327675821829703
ViT-B-32_laion2b_s34b_b79k,fer2013,0.362067848443985,0.36195069551467896,0.248222539225877
ViT-B-32_laion2b_s34b_b79k,flowers,0.0349997878074646,0.039490144699811935,0.7012130818807607
ViT-B-32_laion2b_s34b_b79k,gtsrb,0.0729987695813179,0.07408925145864487,0.4327936171419488
ViT-B-32_laion2b_s34b_b79k,kitti_closest_vehicle_distance,0.3264661729335785,0.3258376717567444,0.3717221075103241
ViT-B-32_laion2b_s34b_b79k,mnist,0.163575679063797,0.1635756939649582,0.703645007368318
ViT-B-32_laion2b_s34b_b79k,pcam,0.09309124201536179,0.09311112016439438,0.5580786386350293
ViT-B-32_laion2b_s34b_b79k,pets,0.030287202447652817,0.02665255405008793,0.905109387726422
ViT-B-32_laion2b_s34b_b79k,renderedsst2,0.133218452334404,0.14449654519557953,0.5719341671009206
ViT-B-32_laion2b_s34b_b79k,resisc45,0.05827099829912186,0.058561764657497406,0.6658728137292512
ViT-B-32_laion2b_s34b_b79k,stl10,0.012895965948700905,0.01275967713445425,0.965625
ViT-B-32_laion2b_s34b_b79k,sun397,0.08401614427566528,0.08401880413293839,0.6819365363181853
ViT-B-32_laion2b_s34b_b79k,svhn,0.022345123812556267,0.023384617641568184,0.3624723352212341
ViT-B-32_laion2b_s34b_b79k,voc2007,0.09286092221736908,0.09289528429508209,0.8058552058391564
ViT-L-14-336_openai,cars,0.05562739446759224,0.05548618733882904,0.7936816692240163
ViT-L-14-336_openai,cifar100,0.0950910896062851,0.09558102488517761,0.7704000000000001
ViT-L-14-336_openai,clevr_closest_object_distance,0.1616525501012802,0.16165253520011902,0.17807243369098022
ViT-L-14-336_openai,clevr_count_all,0.23316903412342072,0.2302411049604416,0.19707074312463996
ViT-L-14-336_openai,country211,0.06874573975801468,0.06876275688409805,0.3445971563981042
ViT-L-14-336_openai,diabetic_retinopathy,0.3129282593727112,0.3127965033054352,0.2109235079665635
ViT-L-14-336_openai,dmlab,0.2402176409959793,0.24012693762779236,0.17337626659475383
ViT-L-14-336_openai,dtd,0.04361575469374657,0.044627200812101364,0.5638297872340424
ViT-L-14-336_openai,eurosat,0.03577948734164238,0.0367358922958374,0.636707661602125
ViT-L-14-336_openai,fer2013,0.17773987352848053,0.1775871217250824,0.28702656668561455
ViT-L-14-336_openai,flowers,0.02830328606069088,0.021125635132193565,0.7794655308515758
ViT-L-14-336_openai,gtsrb,0.19710294902324677,0.19710296392440796,0.4531961372803132
ViT-L-14-336_openai,kitti_closest_vehicle_distance,0.2674548029899597,0.2644096910953522,0.39632748913446847
ViT-L-14-336_openai,mnist,0.3304539918899536,0.3304539620876312,0.7987956693374823
ViT-L-14-336_openai,pcam,0.12113906443119049,0.12279454618692398,0.4865641345889963
ViT-L-14-336_openai,pets,0.031814996153116226,0.031187629327178,0.937952737205356
ViT-L-14-336_openai,renderedsst2,0.05664314329624176,0.055846355855464935,0.7057386659718603
ViT-L-14-336_openai,resisc45,0.03500436618924141,0.03500434011220932,0.7206280714697502
ViT-L-14-336_openai,stl10,0.02507014200091362,0.025085432454943657,0.9942500000000001
ViT-L-14-336_openai,sun397,0.0337115116417408,0.03384856507182121,0.6887560148517745
ViT-L-14-336_openai,svhn,0.1573472023010254,0.1573462337255478,0.563835270003538
ViT-L-14-336_openai,voc2007,0.058181360363960266,0.05789535865187645,0.85861124880306
ViT-B-32_laion400m_e32,cars,0.031001942232251167,0.03146719932556152,0.7494117788455317
ViT-B-32_laion400m_e32,cifar100,0.07399594038724899,0.07383615523576736,0.6834999999999998
ViT-B-32_laion400m_e32,clevr_closest_object_distance,0.7324439287185669,0.7324439287185669,0.16997851045467946
ViT-B-32_laion400m_e32,clevr_count_all,0.3476582467556,0.3476300835609436,0.1517245620514578
ViT-B-32_laion400m_e32,country211,0.23187391459941864,0.23181752860546112,0.13511848341232227
ViT-B-32_laion400m_e32,diabetic_retinopathy,0.10212929546833038,0.11065561324357986,0.2513979966375682
ViT-B-32_laion400m_e32,dmlab,0.3777836561203003,0.3776179552078247,0.17025793397777741
ViT-B-32_laion400m_e32,dtd,0.11171238869428635,0.11171276122331619,0.522340425531915
ViT-B-32_laion400m_e32,eurosat,0.05223764106631279,0.054043468087911606,0.4999942805085203
ViT-B-32_laion400m_e32,fer2013,0.2982647120952606,0.2981548309326172,0.20224522186368812
ViT-B-32_laion400m_e32,flowers,0.037179529666900635,0.03783486783504486,0.6343408081939957
ViT-B-32_laion400m_e32,gtsrb,0.13110142946243286,0.13156817853450775,0.35802812086052727
ViT-B-32_laion400m_e32,kitti_closest_vehicle_distance,0.5102072954177856,0.5090664029121399,0.2711201534314742
ViT-B-32_laion400m_e32,mnist,0.08238127082586288,0.09052494168281555,0.39810231334003243
ViT-B-32_laion400m_e32,pcam,0.10920973122119904,0.10920122265815735,0.5159117086964612
ViT-B-32_laion400m_e32,pets,0.029977552592754364,0.02960360422730446,0.8516052141707848
ViT-B-32_laion400m_e32,renderedsst2,0.26245880126953125,0.2615292966365814,0.5210794105726362
ViT-B-32_laion400m_e32,resisc45,0.07546793669462204,0.07546793669462204,0.5700177677909609
ViT-B-32_laion400m_e32,stl10,0.0211394764482975,0.020749565213918686,0.9497500000000001
ViT-B-32_laion400m_e32,sun397,0.07714884728193283,0.0771510899066925,0.6360781749655057
ViT-B-32_laion400m_e32,svhn,0.08494093269109726,0.08374304324388504,0.20366940474883694
ViT-B-32_laion400m_e32,voc2007,0.11119720339775085,0.11122051626443863,0.7604503614719832
ViT-L-14_openai,cars,0.04327346384525299,0.042449288070201874,0.7769621952310789
ViT-L-14_openai,cifar100,0.09412046521902084,0.09448336064815521,0.7828
ViT-L-14_openai,clevr_closest_object_distance,0.2836288511753082,0.2836288511753082,0.16986927339432048
ViT-L-14_openai,clevr_count_all,0.2645552456378937,0.26205161213874817,0.18564191960568027
ViT-L-14_openai,country211,0.07738425582647324,0.07739415019750595,0.3186255924170617
ViT-L-14_openai,diabetic_retinopathy,0.3288050889968872,0.32856661081314087,0.21846117632941137
ViT-L-14_openai,dmlab,0.24493558704853058,0.24483497440814972,0.17957490428560682
ViT-L-14_openai,dtd,0.05157463252544403,0.056337494403123856,0.553191489361702
ViT-L-14_openai,eurosat,0.022606786340475082,0.02142604999244213,0.6145714903909493
ViT-L-14_openai,fer2013,0.18021878600120544,0.18009352684020996,0.30115498266026836
ViT-L-14_openai,flowers,0.0362272784113884,0.03328715264797211,0.7871697089728832
ViT-L-14_openai,gtsrb,0.1733284592628479,0.1733284592628479,0.4380912434474113
ViT-L-14_openai,kitti_closest_vehicle_distance,0.3600713610649109,0.3560653030872345,0.37138771012967325
ViT-L-14_openai,mnist,0.2842175364494324,0.28514373302459717,0.7645206248669293
ViT-L-14_openai,pcam,0.23447923362255096,0.2344590276479721,0.5083414312777301
ViT-L-14_openai,pets,0.02708430215716362,0.02493155375123024,0.9358177584821196
ViT-L-14_openai,renderedsst2,0.045662201941013336,0.04873323813080788,0.6894052892131318
ViT-L-14_openai,resisc45,0.02932704985141754,0.027796197682619095,0.7065342637334192
ViT-L-14_openai,stl10,0.023373493924736977,0.022867199033498764,0.9936250000000001
ViT-L-14_openai,sun397,0.03441433608531952,0.03433232754468918,0.6800548680627013
ViT-L-14_openai,svhn,0.16889801621437073,0.16890138387680054,0.5885160020314395
ViT-L-14_openai,voc2007,0.057025641202926636,0.05640667676925659,0.8600051397581838
BLIP_retrieval_base_f30k,cars,0.02288673259317875,0.020121430978178978,0.5502019544383687
BLIP_retrieval_base_f30k,cifar100,0.1619584709405899,0.16210167109966278,0.5939000000000001
BLIP_retrieval_base_f30k,clevr_closest_object_distance,0.4107927978038788,0.4107927978038788,0.21482797273155918
BLIP_retrieval_base_f30k,clevr_count_all,0.14015701413154602,0.13894061744213104,0.22548177624859234
BLIP_retrieval_base_f30k,country211,0.33833324909210205,0.3381424844264984,0.05227488151658768
BLIP_retrieval_base_f30k,diabetic_retinopathy,0.19887538254261017,0.19886541366577148,0.1975033876481313
BLIP_retrieval_base_f30k,dmlab,0.34212395548820496,0.34201908111572266,0.186170525776144
BLIP_retrieval_base_f30k,dtd,0.1706646978855133,0.1710844188928604,0.4909574468085107
BLIP_retrieval_base_f30k,eurosat,0.10791929066181183,0.10791929811239243,0.4330136169267286
BLIP_retrieval_base_f30k,fer2013,0.43856820464134216,0.4384080469608307,0.19001168061800758
BLIP_retrieval_base_f30k,flowers,0.11987326294183731,0.12005637586116791,0.31693140564512645
BLIP_retrieval_base_f30k,gtsrb,0.04696866497397423,0.047599196434020996,0.3202409189600797
BLIP_retrieval_base_f30k,kitti_closest_vehicle_distance,0.5443814992904663,0.5426197052001953,0.27386139934905857
BLIP_retrieval_base_f30k,mnist,0.10037364810705185,0.10032141953706741,0.5132158642972572
BLIP_retrieval_base_f30k,pcam,0.48348408937454224,0.4835264980792999,0.500396559087304
BLIP_retrieval_base_f30k,pets,0.06944987922906876,0.07064639776945114,0.6613712249596151
BLIP_retrieval_base_f30k,renderedsst2,0.14901918172836304,0.1483180671930313,0.522217517804412
BLIP_retrieval_base_f30k,resisc45,0.16417720913887024,0.16417723894119263,0.48313963738998494
BLIP_retrieval_base_f30k,stl10,0.006435940507799387,0.005250354763120413,0.9661249999999999
BLIP_retrieval_base_f30k,sun397,0.08248639851808548,0.08234060555696487,0.53351828759805
BLIP_retrieval_base_f30k,svhn,0.01613597758114338,0.01753675565123558,0.25425307231216576
BLIP_retrieval_base_f30k,voc2007,0.10394799709320068,0.10397739708423615,0.8191923559751955
ViT-B-16_laion400m_e32,cars,0.011142495088279247,0.00942152924835682,0.8375526524546795
ViT-B-16_laion400m_e32,cifar100,0.10897707939147949,0.10908467322587967,0.7137999999999998
ViT-B-16_laion400m_e32,clevr_closest_object_distance,0.576015055179596,0.5760151147842407,0.16757761168292928
ViT-B-16_laion400m_e32,clevr_count_all,0.225467249751091,0.225467249751091,0.2956979080990104
ViT-B-16_laion400m_e32,country211,0.27340176701545715,0.27339234948158264,0.18104265402843603
ViT-B-16_laion400m_e32,diabetic_retinopathy,0.19000299274921417,0.18997421860694885,0.23293928609024112
ViT-B-16_laion400m_e32,dmlab,0.39751729369163513,0.3973768949508667,0.1716102625216802
ViT-B-16_laion400m_e32,dtd,0.20547476410865784,0.20588010549545288,0.5101063829787232
ViT-B-16_laion400m_e32,eurosat,0.13152162730693817,0.13152161240577698,0.505064285014056
ViT-B-16_laion400m_e32,fer2013,0.4109915494918823,0.41094234585762024,0.2346915802070047
ViT-B-16_laion400m_e32,flowers,0.06682069599628448,0.06774889677762985,0.6703107127348232
ViT-B-16_laion400m_e32,gtsrb,0.09043428301811218,0.09067613631486893,0.40358697923991155
ViT-B-16_laion400m_e32,kitti_closest_vehicle_distance,0.3484624922275543,0.34641551971435547,0.22440389798880364
ViT-B-16_laion400m_e32,mnist,0.179073765873909,0.1790737807750702,0.6589011901813853
ViT-B-16_laion400m_e32,pcam,0.062470290809869766,0.06189608573913574,0.6087215573614698
ViT-B-16_laion400m_e32,pets,0.013393307104706764,0.0114970151335001,0.8920120971130387
ViT-B-16_laion400m_e32,renderedsst2,0.22047823667526245,0.22021272778511047,0.5431467488854149
ViT-B-16_laion400m_e32,resisc45,0.08447522670030594,0.08378791064023972,0.6556896457200354
ViT-B-16_laion400m_e32,stl10,0.014106068760156631,0.013567491434514523,0.969875
ViT-B-16_laion400m_e32,sun397,0.1142471507191658,0.11424795538187027,0.6781890299397865
ViT-B-16_laion400m_e32,svhn,0.05771903693675995,0.05776233598589897,0.29823835239738977
ViT-B-16_laion400m_e32,voc2007,0.12069660425186157,0.12074021995067596,0.8003745423467293
ViT-B-32_openai,cars,0.061439044773578644,0.061432886868715286,0.598344464824975
ViT-B-32_openai,cifar100,0.1017700731754303,0.10186850279569626,0.6507999999999999
ViT-B-32_openai,clevr_closest_object_distance,0.12164928764104843,0.12161598354578018,0.16104755925230332
ViT-B-32_openai,clevr_count_all,0.07121630012989044,0.07075557857751846,0.2481210538981695
ViT-B-32_openai,country211,0.05527419224381447,0.055269304662942886,0.17213270142180095
ViT-B-32_openai,diabetic_retinopathy,0.15341518819332123,0.1574200689792633,0.22484471862239874
ViT-B-32_openai,dmlab,0.1871018260717392,0.187027245759964,0.16647651729914664
ViT-B-32_openai,dtd,0.05291241407394409,0.051864560693502426,0.4398936170212766
ViT-B-32_openai,eurosat,0.07453992962837219,0.07473572343587875,0.44355667618275074
ViT-B-32_openai,fer2013,0.0629272609949112,0.06260691583156586,0.23159354230546517
ViT-B-32_openai,flowers,0.05832291021943092,0.0545833557844162,0.663390126895789
ViT-B-32_openai,gtsrb,0.11205136775970459,0.11411049962043762,0.3048418414432064
ViT-B-32_openai,kitti_closest_vehicle_distance,0.23475582897663116,0.23268648982048035,0.43312057133018406
ViT-B-32_openai,mnist,0.31793805956840515,0.3214346468448639,0.4784248884584043
ViT-B-32_openai,pcam,0.09387286007404327,0.09135247766971588,0.5424288216196458
ViT-B-32_openai,pets,0.04968509078025818,0.047930244356393814,0.8716838020889749
ViT-B-32_openai,renderedsst2,0.037398919463157654,0.03536376729607582,0.5856746858896416
ViT-B-32_openai,resisc45,0.05009518563747406,0.052017942070961,0.6031430317434286
ViT-B-32_openai,stl10,0.02715120278298855,0.02717738226056099,0.9712500000000001
ViT-B-32_openai,sun397,0.04070693254470825,0.04040040820837021,0.6312867183909986
ViT-B-32_openai,svhn,0.02738763578236103,0.03420267999172211,0.1654518702141325
ViT-B-32_openai,voc2007,0.05102846398949623,0.049931786954402924,0.8034206498714829
ViT-H-14_laion2b_s32b_b79k,cars,0.010789737105369568,0.008438225835561752,0.9355907584472456
ViT-H-14_laion2b_s32b_b79k,cifar100,0.05603974312543869,0.05605956166982651,0.8523000000000002
ViT-H-14_laion2b_s32b_b79k,clevr_closest_object_distance,0.4975302815437317,0.49742981791496277,0.1633219577440095
ViT-H-14_laion2b_s32b_b79k,clevr_count_all,0.22552824020385742,0.22552824020385742,0.3066031272659952
ViT-H-14_laion2b_s32b_b79k,country211,0.23793134093284607,0.23800961673259735,0.29853080568720375
ViT-H-14_laion2b_s32b_b79k,diabetic_retinopathy,0.01749536395072937,0.023750992491841316,0.21536804172862709
ViT-H-14_laion2b_s32b_b79k,dmlab,0.5673238635063171,0.5671881437301636,0.1642401850697162
ViT-H-14_laion2b_s32b_b79k,dtd,0.10520409047603607,0.1056341752409935,0.6749999999999999
ViT-H-14_laion2b_s32b_b79k,eurosat,0.06948275119066238,0.06674318760633469,0.7183241467167482
ViT-H-14_laion2b_s32b_b79k,fer2013,0.4429015517234802,0.4428410828113556,0.25192252786269875
ViT-H-14_laion2b_s32b_b79k,flowers,0.042928941547870636,0.043800972402095795,0.8092368797194207
ViT-H-14_laion2b_s32b_b79k,gtsrb,0.03377731889486313,0.03432394936680794,0.5427767350707189
ViT-H-14_laion2b_s32b_b79k,kitti_closest_vehicle_distance,0.7589415311813354,0.7552782297134399,0.2574854981801638
ViT-H-14_laion2b_s32b_b79k,mnist,0.08397765457630157,0.08462657779455185,0.7373311037469069
ViT-H-14_laion2b_s32b_b79k,pcam,0.15523287653923035,0.15524864196777344,0.5711019914001136
ViT-H-14_laion2b_s32b_b79k,pets,0.009465742856264114,0.005986384581774473,0.9442922898138765
ViT-H-14_laion2b_s32b_b79k,renderedsst2,0.11280733346939087,0.11286293715238571,0.640490200335823
ViT-H-14_laion2b_s32b_b79k,resisc45,0.04528050869703293,0.04516415670514107,0.7525025468990434
ViT-H-14_laion2b_s32b_b79k,stl10,0.004686861298978329,0.003542613936588168,0.9846249999999998
ViT-H-14_laion2b_s32b_b79k,sun397,0.09303873777389526,0.09303704649209976,0.7481027222513157
ViT-H-14_laion2b_s32b_b79k,svhn,0.0752638727426529,0.07528303563594818,0.5237800347829895
ViT-H-14_laion2b_s32b_b79k,voc2007,0.10333126783370972,0.10337190330028534,0.8488139667865736
ViT-L-14_laion400m_e31,cars,0.014564663171768188,0.013902658596634865,0.8952806252825768
ViT-L-14_laion400m_e31,cifar100,0.10880754142999649,0.10891348868608475,0.7797999999999999
ViT-L-14_laion400m_e31,clevr_closest_object_distance,0.5600557923316956,0.5600557327270508,0.14584928810266956
ViT-L-14_laion400m_e31,clevr_count_all,0.3957527279853821,0.3957527279853821,0.2369217507918571
ViT-L-14_laion400m_e31,country211,0.3388572633266449,0.3389051556587219,0.2288625592417062
ViT-L-14_laion400m_e31,diabetic_retinopathy,0.32868215441703796,0.3286488950252533,0.20445020503458103
ViT-L-14_laion400m_e31,dmlab,0.38929063081741333,0.389189749956131,0.19598086127717607
ViT-L-14_laion400m_e31,dtd,0.20898328721523285,0.20902182161808014,0.5952127659574469
ViT-L-14_laion400m_e31,eurosat,0.06897544115781784,0.06872011721134186,0.6389081494564944
ViT-L-14_laion400m_e31,fer2013,0.44731155037879944,0.4473256468772888,0.2546700197511646
ViT-L-14_laion400m_e31,flowers,0.0783877819776535,0.07950576394796371,0.7264985486286865
ViT-L-14_laion400m_e31,gtsrb,0.12416563928127289,0.12481573224067688,0.4445137858153531
ViT-L-14_laion400m_e31,kitti_closest_vehicle_distance,0.39705127477645874,0.38331443071365356,0.2116611362288715
ViT-L-14_laion400m_e31,mnist,0.0855790376663208,0.08605609089136124,0.7649740903054582
ViT-L-14_laion400m_e31,pcam,0.16938522458076477,0.17075614631175995,0.49836080491423396
ViT-L-14_laion400m_e31,pets,0.013311701826751232,0.009625645354390144,0.9155516987233325
ViT-L-14_laion400m_e31,renderedsst2,0.16664491593837738,0.16758321225643158,0.5641374992762433
ViT-L-14_laion400m_e31,resisc45,0.13187745213508606,0.13183285295963287,0.6896257160666389
ViT-L-14_laion400m_e31,stl10,0.010064884088933468,0.010076459497213364,0.9803750000000001
ViT-L-14_laion400m_e31,sun397,0.1349909007549286,0.13498160243034363,0.7090738384007726
ViT-L-14_laion400m_e31,svhn,0.262107789516449,0.2621568441390991,0.34265009145860925
ViT-L-14_laion400m_e31,voc2007,0.15028449892997742,0.15034151077270508,0.8300827042388745
convnext_base_w_320_laion_aesthetic_s13b_b82k_augreg,cars,0.02190539613366127,0.02142978645861149,0.8903610004935323
convnext_base_w_320_laion_aesthetic_s13b_b82k_augreg,cifar100,0.05504544451832771,0.056206025183200836,0.6542
convnext_base_w_320_laion_aesthetic_s13b_b82k_augreg,clevr_closest_object_distance,0.2524546682834625,0.2524546682834625,0.14922731379441276
convnext_base_w_320_laion_aesthetic_s13b_b82k_augreg,clevr_count_all,0.11661150306463242,0.11706514656543732,0.2838803281888479
convnext_base_w_320_laion_aesthetic_s13b_b82k_augreg,country211,0.21808260679244995,0.21810545027256012,0.22431279620853078
convnext_base_w_320_laion_aesthetic_s13b_b82k_augreg,diabetic_retinopathy,0.42747652530670166,0.4274881184101105,0.20318281475355565
convnext_base_w_320_laion_aesthetic_s13b_b82k_augreg,dmlab,0.3950650691986084,0.3949389159679413,0.17308701584068273
convnext_base_w_320_laion_aesthetic_s13b_b82k_augreg,dtd,0.09440655261278152,0.09463908523321152,0.6101063829787233
convnext_base_w_320_laion_aesthetic_s13b_b82k_augreg,eurosat,0.025349587202072144,0.029219627380371094,0.5235300070687675
convnext_base_w_320_laion_aesthetic_s13b_b82k_augreg,fer2013,0.3667876422405243,0.3666660487651825,0.26252433084447163
convnext_base_w_320_laion_aesthetic_s13b_b82k_augreg,flowers,0.04946209862828255,0.05566038936376572,0.7582205757214385
convnext_base_w_320_laion_aesthetic_s13b_b82k_augreg,gtsrb,0.09870678186416626,0.09875975549221039,0.3867668321922619
convnext_base_w_320_laion_aesthetic_s13b_b82k_augreg,kitti_closest_vehicle_distance,0.31647154688835144,0.310851126909256,0.2218667625338248
convnext_base_w_320_laion_aesthetic_s13b_b82k_augreg,mnist,0.15890973806381226,0.15890976786613464,0.7198417722893293
convnext_base_w_320_laion_aesthetic_s13b_b82k_augreg,pcam,0.06039010360836983,0.06098544970154762,0.5559979201998491
convnext_base_w_320_laion_aesthetic_s13b_b82k_augreg,pets,0.02440139278769493,0.022871054708957672,0.9250077279915441
convnext_base_w_320_laion_aesthetic_s13b_b82k_augreg,renderedsst2,0.17869681119918823,0.17865143716335297,0.5500767181981356
convnext_base_w_320_laion_aesthetic_s13b_b82k_augreg,resisc45,0.04407498240470886,0.04390193521976471,0.6721901371166537
convnext_base_w_320_laion_aesthetic_s13b_b82k_augreg,stl10,0.004106550011783838,0.002770837163552642,0.9754999999999999
convnext_base_w_320_laion_aesthetic_s13b_b82k_augreg,sun397,0.0816863626241684,0.08167777210474014,0.7056965180330745
convnext_base_w_320_laion_aesthetic_s13b_b82k_augreg,svhn,0.03312845528125763,0.03619306907057762,0.3041368375163495
convnext_base_w_320_laion_aesthetic_s13b_b82k_augreg,voc2007,0.07325626909732819,0.07275047153234482,0.8069673127467956
RN50x16_openai,cars,0.037527818232774734,0.03685997799038887,0.7330105631726327
RN50x16_openai,cifar100,0.06826991587877274,0.06867246329784393,0.5268
RN50x16_openai,clevr_closest_object_distance,0.20666001737117767,0.20666001737117767,0.17480650327967717
RN50x16_openai,clevr_count_all,0.09894894808530807,0.09894895553588867,0.15020566014616493
RN50x16_openai,country211,0.0721125677227974,0.07211678475141525,0.2437914691943128
RN50x16_openai,diabetic_retinopathy,0.40060102939605713,0.40061965584754944,0.2171809144205769
RN50x16_openai,dmlab,0.1964079588651657,0.1963004469871521,0.158471149499696
RN50x16_openai,dtd,0.039259813725948334,0.036994434893131256,0.5335106382978724
RN50x16_openai,eurosat,0.11575976759195328,0.11824735999107361,0.41934891496585547
RN50x16_openai,fer2013,0.16569168865680695,0.16545867919921875,0.23429597087412493
RN50x16_openai,flowers,0.022621816024184227,0.027983717620372772,0.7186007127233602
RN50x16_openai,gtsrb,0.09192158281803131,0.09300455451011658,0.3589456024913558
RN50x16_openai,kitti_closest_vehicle_distance,0.4882546067237854,0.4884256422519684,0.2731294204158419
RN50x16_openai,mnist,0.16486361622810364,0.16486361622810364,0.6870221580416388
RN50x16_openai,pcam,0.0198040883988142,0.020717283710837364,0.6175082894336663
RN50x16_openai,pets,0.029818018898367882,0.02670298144221306,0.898884052670437
RN50x16_openai,renderedsst2,0.019055651500821114,0.03096563182771206,0.6763179607434427
RN50x16_openai,resisc45,0.023121094331145287,0.021661916747689247,0.6421360662849596
RN50x16_openai,stl10,0.03022511675953865,0.02975337579846382,0.9775
RN50x16_openai,sun397,0.029848072677850723,0.02974572777748108,0.6516912212756863
RN50x16_openai,svhn,0.151045560836792,0.1573789119720459,0.48093198053078473
RN50x16_openai,voc2007,0.10083064436912537,0.09866593778133392,0.7788533628001824
ViT-L-14_laion2b_s32b_b82k,cars,0.0065932925790548325,0.0061843194998800755,0.9275294308603439
ViT-L-14_laion2b_s32b_b82k,cifar100,0.05067053809762001,0.050567422062158585,0.8337000000000002
ViT-L-14_laion2b_s32b_b82k,clevr_closest_object_distance,0.5185052156448364,0.518505334854126,0.16623058019812523
ViT-L-14_laion2b_s32b_b82k,clevr_count_all,0.2389615774154663,0.23896156251430511,0.30101539653050885
ViT-L-14_laion2b_s32b_b82k,country211,0.20207728445529938,0.20212918519973755,0.2628909952606635
ViT-L-14_laion2b_s32b_b82k,diabetic_retinopathy,0.1915164440870285,0.19214200973510742,0.22456965931729375
ViT-L-14_laion2b_s32b_b82k,dmlab,0.478807657957077,0.47878676652908325,0.18070348748496975
ViT-L-14_laion2b_s32b_b82k,dtd,0.09074324369430542,0.08928869664669037,0.6281914893617021
ViT-L-14_laion2b_s32b_b82k,eurosat,0.062346234917640686,0.06233160197734833,0.6588530635561664
ViT-L-14_laion2b_s32b_b82k,fer2013,0.3990204930305481,0.39909008145332336,0.29313167674756546
ViT-L-14_laion2b_s32b_b82k,flowers,0.06324304640293121,0.0647926852107048,0.7506676326236994
ViT-L-14_laion2b_s32b_b82k,gtsrb,0.03191995620727539,0.030820945277810097,0.5073949649010318
ViT-L-14_laion2b_s32b_b82k,kitti_closest_vehicle_distance,0.3388144373893738,0.33552032709121704,0.34913829541897834
ViT-L-14_laion2b_s32b_b82k,mnist,0.13863077759742737,0.13974164426326752,0.5441793160215418
ViT-L-14_laion2b_s32b_b82k,pcam,0.15651997923851013,0.15548329055309296,0.5677627970292309
ViT-L-14_laion2b_s32b_b82k,pets,0.01219613291323185,0.011392828077077866,0.9305699534598607
ViT-L-14_laion2b_s32b_b82k,renderedsst2,0.2201099693775177,0.2201196700334549,0.5925503734583984
ViT-L-14_laion2b_s32b_b82k,resisc45,0.07861386239528656,0.07734157890081406,0.7283912736442446
ViT-L-14_laion2b_s32b_b82k,stl10,0.003926985897123814,0.0035018841736018658,0.9884999999999999
ViT-L-14_laion2b_s32b_b82k,sun397,0.07911156117916107,0.07911416888237,0.7325380612700046
ViT-L-14_laion2b_s32b_b82k,svhn,0.08241439610719681,0.08261235058307648,0.46670630046808964
ViT-L-14_laion2b_s32b_b82k,voc2007,0.09526030719280243,0.09520025551319122,0.8476861715622809
BEIT3_retrieval_large_coco,cars,0.06767334789037704,0.06768094748258591,0.723398886351552
BEIT3_retrieval_large_coco,cifar100,0.015926189720630646,0.016899799928069115,0.7199
BEIT3_retrieval_large_coco,clevr_closest_object_distance,0.163741335272789,0.1637413650751114,0.16762892531696194
BEIT3_retrieval_large_coco,clevr_count_all,0.12774603068828583,0.13457335531711578,0.3079708492652532
BEIT3_retrieval_large_coco,country211,0.07940749078989029,0.07940163463354111,0.15744075829383886
BEIT3_retrieval_large_coco,diabetic_retinopathy,0.17240507900714874,0.1722937375307083,0.23738164714728516
BEIT3_retrieval_large_coco,dmlab,0.2779946029186249,0.2779025435447693,0.19826595570987995
BEIT3_retrieval_large_coco,dtd,0.03349943459033966,0.03474289923906326,0.5941489361702127
BEIT3_retrieval_large_coco,eurosat,0.07856421917676926,0.0788988247513771,0.4810290838298764
BEIT3_retrieval_large_coco,fer2013,0.25487539172172546,0.2549576461315155,0.2610185463745695
BEIT3_retrieval_large_coco,flowers,0.09707719087600708,0.1004117801785469,0.6307890432073671
BEIT3_retrieval_large_coco,gtsrb,0.043837886303663254,0.04414037987589836,0.38071745175208266
BEIT3_retrieval_large_coco,kitti_closest_vehicle_distance,0.13736175000667572,0.13679246604442596,0.3150110797221646
BEIT3_retrieval_large_coco,mnist,0.04163365438580513,0.04191318526864052,0.595337168792089
BEIT3_retrieval_large_coco,pcam,0.19723235070705414,0.1972663849592209,0.4894261359493459
BEIT3_retrieval_large_coco,pets,0.054288238286972046,0.05140932649374008,0.8877251766760463
BEIT3_retrieval_large_coco,renderedsst2,0.0713399201631546,0.07394103705883026,0.5688781049157547
BEIT3_retrieval_large_coco,resisc45,0.01932493969798088,0.0202122051268816,0.6528769437351419
BEIT3_retrieval_large_coco,stl10,0.025037063285708427,0.02505234070122242,0.9804999999999999
BEIT3_retrieval_large_coco,sun397,0.03991732746362686,0.040334127843379974,0.697325915546747
BEIT3_retrieval_large_coco,svhn,0.19081397354602814,0.19084757566452026,0.267438669705669
BEIT3_retrieval_large_coco,voc2007,0.030283119529485703,0.030743829905986786,0.885184166488397
